year,avgTemp,minTemp,maxTemp,rainFall,avgPrice
20150101,-4.9,-7.4,-1.9,0.5,1938
20150102,-3.8,-7.6,0.8,0.3,1957
20150103,-2.3,-9.3,4.3,0,1957
20150104,2.4,-2.6,9.8,0,1957
20150105,3.8,-2.7,10.1,4.1,1957
20150106,1.8,-3.3,7.1,4.7,1980
20150107,-3,-6.5,1.6,0,1957
20150108,-2.5,-7.8,3.3,0,1959
20150109,-0.2,-5.1,4.9,0,1936
20150110,1,-4.2,6.7,0,1936
20150111,1,-3.3,6,0.1,1936
20150112,-1.7,-6.5,4.8,0,1936
20150113,0.4,-6.5,7.9,0,1928
20150114,2.7,-0.2,5.9,0.4,1913
20150115,3.1,-1.3,9.1,0.2,1907
20150116,1.5,-2.6,5.3,0.3,1896
20150117,-0.9,-4.6,3.1,0,1896
20150118,0,-6.8,5.8,1.3,1896
20150119,2.7,-1.3,6.4,0.4,1896
20150120,0.4,-5.3,6.8,0,1889
20150121,2.9,-0.6,6.5,3.1,1875
20150122,3.1,0.5,6.3,1.9,1910
20150123,1.4,-2.7,6.8,0,1910
20150124,2.6,-1.9,8.8,0,1910
20150125,3.7,-1.3,7.8,3.8,1910
20150126,5.6,2.7,9.1,1.7,1912
20150127,0.5,-3.7,4.6,0.3,1912
20150128,-2.1,-6,3.5,0.3,1912
20150129,0.3,-3.6,3.7,1.4,1911
20150130,0,-3.6,3.6,0.2,1894
20150131,-2.7,-6.9,2.6,0,1894
20150201,-1.9,-8,5.5,0,1894
20150202,-0.2,-5.5,7.3,0,1920
20150203,0.7,-5.1,7.9,0,1920
20150204,0.9,-3.4,6.1,0,1920
20150205,0.9,-2.9,5.4,0.3,1920
20150206,1.3,-3.6,7.4,0,1910
20150207,2.2,-2.6,7.1,0,1910
20150208,-4.8,-8.3,2.5,0,1910
20150209,-3.9,-10.7,1.2,0.1,1919
20150210,3,-2.2,8.1,0,1914
20150211,4,-1.2,9.7,0,1950
20150212,0.6,-3.2,4.8,0,1884
20150213,-0.7,-6.4,5.2,0,1881
20150214,2.2,-4.8,9.2,0,1881
20150215,6.1,-0.2,11,3.8,1881
20150216,5.1,3.8,6.8,10,1923
20150217,3.6,1.7,6.4,0.3,1952
20150218,2.3,0.6,4.8,0.1,1952
20150219,2.3,-2.1,8.3,0.2,1952
20150220,4.2,-3.2,10.9,0,1952
20150221,6.4,3.9,8.5,7.9,1952
20150222,6.3,1.7,11.3,1,1952
20150223,3.2,-0.2,8.6,0,2094
20150224,3.4,-0.9,9.6,0,2067
20150225,5.2,-0.4,11.2,0.1,2079
20150226,3.6,-1.1,8.2,0.2,2082
20150227,-0.3,-3.7,4.1,0,2115
20150228,2,-3.7,6.8,1.6,2115
20150301,3.2,0.5,7.1,0.9,2115
20150302,3.5,-3,10.5,0,2166
20150303,3.6,0.5,7.6,2.8,2174
20150304,0.2,-2.8,4.3,0,2202
20150305,0.5,-5.6,6.8,0,2216
20150306,3,-3.5,10.5,0,2216
20150307,4.3,-2.4,12.2,0,2216
20150308,6.4,-2.3,14.6,0,2216
20150309,4.5,-3.3,11.3,0.1,2258
20150310,-1.6,-5.4,2.7,0,2293
20150311,2.5,-3.3,8.1,0,2271
20150312,3.5,-2.9,9.5,0,2286
20150313,5.6,0.1,10.9,1.2,2308
20150314,4.8,-2,11.7,0,2308
20150315,6.4,-1.5,15.2,0,2308
20150316,9.3,0.7,19.1,0,2289
20150317,11.7,3,20.2,0,2280
20150318,9.6,7.8,12.3,31.8,2305
20150319,11.4,6.8,18.3,0.5,2310
20150320,12.1,7.1,19.6,0,2340
20150321,11.9,5.1,19.4,0,2340
20150322,9.7,3.8,16.8,0,2340
20150323,5.5,-0.3,11.5,0,2371
20150324,4.9,-1.6,12.1,0,2401
20150325,5.9,-2.4,14.2,0,2401
20150326,8.1,-0.8,17,0,2406
20150327,9.6,1.3,18.3,0,2415
20150328,11.1,1.5,19.3,0,2415
20150329,12,6.2,19.1,0,2415
20150330,13.1,4.7,21.3,0,2442
20150331,12.8,8.3,15.5,3.1,2480
20150401,11.7,9.2,15.9,1.9,2486
20150402,13.4,8.4,19.5,7.7,2509
20150403,12.9,9,18.8,9,2529
20150404,11.1,7.7,16.2,17.8,2529
20150405,10,8.4,11.7,3,2529
20150406,10.4,7.4,13.3,4.2,2546
20150407,7.5,5.1,10.8,0.9,2559
20150408,7.9,4.3,12.4,0.3,2568
20150409,9,3.4,15.1,0,2538
20150410,10.5,3.4,18.2,0,2538
20150411,11.4,3.5,19.5,0,2538
20150412,11.9,5.2,17.9,0.6,2538
20150413,10.4,8.1,13.2,7.5,2516
20150414,8.6,6.1,12.5,10.2,2565
20150415,12,5.9,18.8,1,2574
20150416,11.6,6,20.4,2.7,2617
20150417,11.4,3.6,19,0,2640
20150418,13.7,4.7,21.7,2.4,2640
20150419,14.2,11.3,17.2,14.2,2640
20150420,11.5,8.1,14.6,11,2697
20150421,12.8,5.7,20.9,0,2780
20150422,13.8,7.1,20.9,0,2795
20150423,14.4,5.9,22.3,0,2738
20150424,15.6,8.7,22.9,0,2719
20150425,15.7,6.7,24.2,0,2719
20150426,18.2,8.5,26.9,0,2719
20150427,18.7,11.2,26.6,0,2768
20150428,17.6,10.9,23.9,8.2,2779
20150429,15.8,14,18.2,23.2,2807
20150430,17.9,13.1,24,0.2,2715
20150501,19.2,12.8,26.3,0,2715
20150502,19.8,13.5,26.2,1.9,2715
20150503,17.6,15.8,20.2,12.9,2715
20150504,16.4,10.5,21.9,0,2712
20150505,14.2,5.9,21.9,0,2712
20150506,14.9,7.7,22.1,0,2913
20150507,16.3,8.7,24.1,0,2962
20150508,16.9,9.2,23.4,0,2972
20150509,17.7,12.9,24.1,0.2,2972
20150510,16.7,10.8,23.5,0,2972
20150511,16.8,11.7,21.9,23.8,2972
20150512,15.8,12.2,19.8,9,2855
20150513,19.6,12.5,25.7,0,2870
20150514,20.7,13.6,26.9,0,2870
20150515,19.1,15.3,23.9,1.3,2870
20150516,18,11.7,25.3,0,2870
20150517,18,9.8,26.1,0,2870
20150518,16.3,12.8,20.4,4,3034
20150519,17.9,12.8,24.2,0.7,3242
20150520,16.7,11.3,22.5,0,3342
20150521,18.7,10.1,26.5,0,3600
20150522,20.7,14,27.7,0,3653
20150523,20.2,14.1,27.3,0,3653
20150524,20.3,12.5,28.3,0,3653
20150525,20.2,12.2,28.3,0,3653
20150526,21.8,13.1,30.9,0,3639
20150527,21.4,12.8,30,0,3655
20150528,21.7,15.5,29.2,0,3697
20150529,22.5,14.6,29.6,0,3742
20150530,19.1,15.8,23,2.7,3742
20150531,20.4,14.5,27.7,0,3742
20150601,21.8,14.2,29,0,3562
20150602,21.7,17.2,27.2,0.4,3475
20150603,21.7,16.4,27.7,0,3438
20150604,21.6,12.9,29.3,0,3422
20150605,16.9,13.3,21.2,3.2,3411
20150606,19.1,12.3,26.1,0,3411
20150607,20.9,15,27.6,0,3411
20150608,20.2,15.8,24.7,1.3,3397
20150609,21.7,16.3,27.9,0,3421
20150610,23.7,16.5,31.2,0,3405
20150611,21.8,17.9,25.6,1.7,3490
20150612,23.2,18.1,29.6,0.7,3502
20150613,22.6,17.5,28.4,0.7,3502
20150614,21.8,17.4,27.3,5.1,3502
20150615,23,19.2,28.4,0,3508
20150616,22.6,19.2,28.5,1.1,3408
20150617,21.4,18.2,25.9,2.9,3384
20150618,22.5,18.1,27.8,0.8,3387
20150619,22.4,18.4,27.8,2.2,3359
20150620,19.4,17.4,22.3,12.2,3359
20150621,21.2,17,26.8,0.1,3359
20150622,22.3,17.3,28,0.2,3327
20150623,23.1,18.2,29,0.1,3303
20150624,22.5,19.2,27.2,3.4,3303
20150625,21.8,18.9,25.9,14.6,3214
20150626,20.9,18.8,23.8,32.4,3140
20150627,21.6,18.4,25.8,0.7,3140
20150628,22.1,17.9,27.2,0,3140
20150629,23.5,18.5,29.1,0.2,3126
20150630,21.4,19,25.5,11.5,3022
20150701,22.6,18.4,28.1,0.9,3015
20150702,22.4,17,28.2,0.2,2989
20150703,22.3,17.6,28,0.5,2983
20150704,21.2,15.8,26.7,0,2983
20150705,21.8,17,27.4,0.4,2983
20150706,22.2,17.9,27.2,0.2,2987
20150707,20.1,17.7,23.1,13.3,2998
20150708,21,18.4,23.6,23,2932
20150709,22.8,20.2,26.2,19.1,2937
20150710,25,20.6,30.3,0,2937
20150711,25.9,22,31.1,9.2,2937
20150712,24.2,22.8,26.1,44.8,2937
20150713,23.9,21.8,26.7,3.6,2998
20150714,25.4,21,30.8,0.1,2941
20150715,25,20.7,31.2,1,2921
20150716,22.9,19.4,27.1,0,2921
20150717,21.6,17.8,25.7,0.3,2904
20150718,23,20.1,27.1,0.1,2904
20150719,24,20.2,28.6,1.5,2904
20150720,24.3,21.9,27.6,2.7,2895
20150721,24.6,22.1,28.3,4.1,2867
20150722,25.7,23,29.9,2.8,2837
20150723,25.9,23.6,29.4,13,2861
20150724,25.6,24.1,27.6,17.4,2812
20150725,26.5,24,29.6,8.8,2812
20150726,27,22.4,32.4,3.8,2812
20150727,26.6,23.5,30.4,1.8,2821
20150728,27.4,24.1,32,0.6,2798
20150729,27.3,24.3,31.1,7.1,2785
20150730,28.7,24.7,33.7,0,2720
20150731,28.3,24.5,33.6,0.2,2720
20150801,27.6,23.8,32.9,1,2720
20150802,27,23.5,31.5,5.1,2720
20150803,28.1,24.2,33.1,0,2723
20150804,28,23.3,33.3,0,2708
20150805,28,23.6,33.7,0,2715
20150806,28.4,23.4,34.3,0,2736
20150807,28.5,23.4,34.8,2.2,2712
20150808,27.1,23.6,33.8,6.8,2712
20150809,26.8,22.7,32.3,0,2712
20150810,26.4,22.7,31.5,0,2779
20150811,25.1,21.3,29.2,6.7,2778
20150812,23.8,20.4,27.9,5.1,2829
20150813,24.8,21,30.5,6.9,2750
20150814,25.1,20.8,30.8,1.1,2750
20150815,25.9,21.2,31.6,0,2750
20150816,24.8,21.4,29.7,6.9,2750
20150817,25.1,20.5,30.9,1,2673
20150818,25.2,21.3,30,0,2728
20150819,25,21.4,29,0,2814
20150820,24.1,22,27.3,5,2882
20150821,23.6,21.1,28.3,26.6,2838
20150822,24.3,21.1,28.6,0.3,2838
20150823,24.9,21.4,29.8,0.1,2838
20150824,24.7,22.1,27.9,3.1,2881
20150825,21.5,19.7,24,26.8,2892
20150826,22.2,18.7,26.9,0.4,2901
20150827,23.2,18.3,28.7,1.4,2836
20150828,23,18.8,28.7,2.5,2817
20150829,22.9,18.8,28.7,0,2817
20150830,23.2,18.3,29.1,0.4,2817
20150831,23.9,19.3,29.1,1.8,2908
20150901,23.6,20.8,27.9,5,2887
20150902,22.8,20,27.4,9.6,2881
20150903,22.9,19.2,28.1,1.8,2865
20150904,23.3,18.8,29,0,2857
20150905,21.7,19.4,25.6,9.4,2857
20150906,20.9,18,24.6,6.6,2857
20150907,20.7,15.9,26.4,0.1,2888
20150908,20,14.3,26.2,0,2870
20150909,20.3,13.6,27.1,0,2846
20150910,20.6,14.2,27.3,0,2765
20150911,21,15.7,26.6,1.5,2795
20150912,18.8,15.5,22.1,3.8,2795
20150913,18.6,13.5,25.1,0,2795
20150914,19.1,12.8,26.4,0,2810
20150915,19.3,13.3,25.7,0,2760
20150916,18.9,13.2,24.1,1.6,2733
20150917,19.3,15.2,24.2,4.4,2699
20150918,20.1,14.6,26.3,0,2706
20150919,20.1,15.2,26.7,0,2706
20150920,20.1,14.8,26.6,0,2706
20150921,20.6,15.1,27.9,0,2740
20150922,20.6,14.8,28,0,2687
20150923,19,15.6,22.5,8.4,2703
20150924,20.7,16.5,25.7,1.2,2691
20150925,20.6,16.3,26.3,0,2697
20150926,20.1,15.4,26.5,0,2697
20150927,19.7,13.7,27.6,0,2697
20150928,20.5,13.1,28.6,0,2697
20150929,20.7,14.4,27,0,2697
20150930,19.3,16.7,23.1,1.7,2783
20151001,18.1,14.5,22.6,37.4,2770
20151002,15.9,8.9,21.9,0,2748
20151003,18.2,11.9,24.9,0,2748
20151004,16.5,11,23.6,0,2748
20151005,16.7,11,24.4,0,2788
20151006,16.8,10.1,25.4,0,2732
20151007,17.2,10.8,24.8,0,2717
20151008,17.5,12.5,24.4,0.1,2732
20151009,16,10.2,21.4,0.4,2732
20151010,13.7,7.6,20.7,4.8,2732
20151011,12.7,8.6,17,2.2,2732
20151012,13.4,9.4,18.5,0.5,2727
20151013,14.4,7.5,21.8,0,2675
20151014,15.5,9.5,23.3,0,2640
20151015,15.7,9.9,23.8,0,2617
20151016,15.8,10.4,23.5,0,2596
20151017,16.1,10.2,24.8,0,2596
20151018,16.2,9.6,25.2,0,2596
20151019,16.4,10.7,23.5,0.1,2592
20151020,16.8,11.5,24.1,0,2569
20151021,16.9,11.8,23.9,0.2,2501
20151022,16.3,12.3,21.6,0.3,2453
20151023,16.3,12.3,22,0,2398
20151024,16.2,11.3,22.3,1.2,2398
20151025,14.7,9.6,21,0,2398
20151026,14.4,9.1,19.8,0.4,2370
20151027,13.4,9.7,17.8,16.3,2340
20151028,11.4,5.9,17.2,0,2328
20151029,10.5,5.4,16.3,0.4,2356
20151030,8,3.6,12.8,0,2326
20151031,6.3,0.7,13.2,0,2326
20151101,6.7,0.9,11.2,0.1,2326
20151102,10.1,4.6,16.4,0.2,2317
20151103,10.8,4.9,19,0,2297
20151104,10.9,3.8,20,0,2310
20151105,12.9,7.1,20.7,0,2221
20151106,13.5,8,19.2,2.6,2210
20151107,13.2,11.7,14.5,28,2210
20151108,13.7,12.5,15.1,13.8,2210
20151109,12.7,10.8,15.5,3.2,2200
20151110,11.1,7.6,15.3,0.2,2207
20151111,11.5,6.8,17.1,2,2174
20151112,13.7,9.1,18.1,0.6,1919
20151113,12.1,10.9,13.9,24.4,1875
20151114,13.8,12,16.2,5,1875
20151115,13.5,9.6,18.3,0,1875
20151116,12.6,8.9,15.8,10.7,1949
20151117,14.3,12.3,17.1,0.5,1991
20151118,11.6,9.4,14.2,7.9,2042
20151119,10.2,8.6,12.1,0.9,2020
20151120,11,7.6,15.9,0.1,2020
20151121,9.6,5.9,13.5,0.1,2020
20151122,11.3,7.3,15.5,4.6,2020
20151123,10.9,9.2,12.7,6.6,2058
20151124,8.5,6,11.2,2.8,2164
20151125,5.6,3.8,7.6,9,2174
20151126,0.9,-1.1,4.5,3.3,2134
20151127,1.1,-1.9,4,0.6,2213
20151128,3.2,0.1,7.2,0,2213
20151129,5.2,1.6,9.6,0.8,2213
20151130,6.4,1.5,11.6,0.2,2232
20151201,4.7,-0.9,12.1,0,2211
20151202,7.3,2.9,11.3,5.7,2183
20151203,3,-0.3,6.5,3,2240
20151204,2.8,-0.6,5.7,0.5,2240
20151205,5.5,2.1,8.7,0,2240
20151206,3.2,-0.7,8.3,0,2240
20151207,3.5,-2.5,9.9,0,2221
20151208,4.6,0,11.1,0,2221
20151209,6.2,-0.4,13.2,0,2221
20151210,8.7,6.6,10.6,14.1,2247
20151211,7.6,3.8,10.9,3.7,2202
20151212,5.5,1.1,10.8,0,2202
20151213,6.5,2.6,12.5,0,2202
20151214,6.9,4.2,8.7,3.9,2175
20151215,7.2,4.7,9.9,0.5,2178
20151216,1.7,-1.6,5.5,2.4,2157
20151217,-2,-4.8,1.4,0.3,2129
20151218,-0.5,-6,4.7,0,2148
20151219,1.4,-3,8.4,0,2148
20151220,2.1,-2.5,6,0.8,2148
20151221,4.3,0.5,9.3,1.5,2123
20151222,4.1,-1.1,9.6,0.1,2125
20151223,6.3,3.8,9,1.9,2127
20151224,4.2,0.8,8.7,0,2147
20151225,1.4,-2.6,5.8,0,2147
20151226,3.8,-2.1,9.8,0.2,2147
20151227,-0.8,-4.6,3.7,0,2147
20151228,-2.4,-6.4,2.2,0,2160
20151229,-1.4,-6.7,4.8,0,2202
20151230,0.9,-5.2,7.4,1.1,2202
20151231,2,-1.7,6.3,0.3,2183
20160101,1.7,-3.9,7.3,0,2183
20160102,5.1,0.3,11.5,0,2183
20160103,5.9,1,12.9,0,2183
20160104,5.3,0.1,10.1,0,2215
20160105,0.6,-2.4,4.4,0.5,2266
20160106,0.7,-4.2,5.4,0,2269
20160107,0.4,-2.6,4.3,0,2271
20160108,-0.5,-3.8,3.9,0,2242
20160109,0.7,-3.8,5.5,0,2242
20160110,1.7,-2.8,6.7,0,2242
20160111,-0.7,-4.4,4.3,0,2307
20160112,-2.1,-7.1,3.7,0,2307
20160113,-1.2,-4.9,2.3,0.8,2318
20160114,-1.1,-5.5,3.3,0.1,2280
20160115,-0.2,-5.3,6.2,0.1,2280
20160116,0.8,-4,7.3,0,2280
20160117,2.1,-1.3,5.6,3.3,2280
20160118,-2,-7.3,3.1,0.9,2299
20160119,-7.5,-9.7,-4.6,0.8,2313
20160120,-6.9,-10.9,-2.3,0,2354
20160121,-4.7,-8.4,0,0,2440
20160122,-4.2,-9.3,0.7,0,2448
20160123,-7,-11.3,-3.5,1.2,2448
20160124,-10.8,-14.2,-7.4,1.5,2448
20160125,-6.6,-12.4,-1.3,0.3,2476
20160126,-1.7,-7,3.5,0.1,2598
20160127,0.2,-4.8,6.1,0,2715
20160128,0.3,-4.6,3.6,6.7,2730
20160129,2.3,0.3,4.4,8.2,2777
20160130,2.2,-1.2,6.4,0.6,2777
20160131,-0.5,-3.2,2.9,0,2777
20160201,-2.9,-6.2,1.7,0,2881
20160202,-3.4,-8.6,2.7,0,2908
20160203,-1.8,-8.3,4.9,0,2914
20160204,0.4,-4.8,5.9,0,2966
20160205,-0.2,-5,5.4,0,3026
20160206,-1.4,-5.6,3.3,0.5,3026
20160207,-1.8,-8,5,0,3026
20160208,1.7,-5.7,7.4,0.2,3026
20160209,2.6,-2.2,7.5,0,3026
20160210,2.2,-4.9,10.8,0,3026
20160211,6.8,-1.2,13.7,0.2,3003
20160212,9.7,6.9,12,20.7,3003
20160213,11.7,7.1,16.2,11.4,3003
20160214,1.1,-3,9.5,0.8,3003
20160215,-3.1,-6,0.1,0.2,3033
20160216,-0.1,-4.4,4,0.5,3047
20160217,1.2,-4.1,6.5,0,3078
20160218,3.6,-2.9,9.7,0.1,3124
20160219,4.5,-0.2,8.9,0,3124
20160220,3.5,-0.6,8.7,0,3124
20160221,1,-3.6,6,0,3124
20160222,2.7,-1.5,6.5,0,3160
20160223,3.3,-1.3,8.5,0.2,3160
20160224,-1,-4.7,3.4,0.6,3145
20160225,0.3,-5.9,6,0,3147
20160226,2.8,-2.3,7.3,0.8,3147
20160227,5.2,1.2,10.6,1.4,3147
20160228,4,-0.5,10.5,5.8,3147
20160229,-1.8,-4.8,1.3,0.3,3169
20160301,-1.4,-7.3,4.3,0,3169
20160302,3.2,-3.8,10.4,0,3530
20160303,7.2,-0.1,15.2,0,3672
20160304,9.4,4.5,13.7,9.7,3711
20160305,11.8,8.2,15.5,27.9,3711
20160306,10.3,5.3,15.6,2.5,3711
20160307,8.9,3.4,14.9,0,3741
20160308,5.9,2.4,9.3,2.8,3806
20160309,3.1,0.3,8.2,2,3878
20160310,1.3,-1.9,5.7,0.1,3930
20160311,0.7,-3.9,5.8,0,3924
20160312,2.5,-4.2,8.7,0,3924
20160313,4.3,1,8.4,0.2,3924
20160314,4.2,-0.5,10,0,3808
20160315,5.6,-2.5,13.3,0,3821
20160316,8.8,3,16.4,0,3821
20160317,10.2,0.9,18.3,0.1,3803
20160318,11.2,7.9,15.4,9.3,3851
20160319,10.4,5.2,16.8,0,3851
20160320,8.2,3.3,13.8,0,3851
20160321,8.6,2.3,15.6,0,3985
20160322,9.3,2,16.9,0,3905
20160323,8.1,4.1,13.6,0.5,3995
20160324,6.4,1.2,12,0.2,4063
20160325,5.8,1.4,11.1,0.2,4030
20160326,5.7,0.2,12.1,0.5,4030
20160327,7,0,14.1,0,4030
20160328,9.3,0.7,17.5,0,4059
20160329,11.9,4.8,18,0.1,4103
20160330,12.7,6.4,20.3,0,4088
20160331,12.4,4.8,20.7,0,4196
20160401,13.2,4.3,22.8,0,4117
20160402,13.9,5.7,21.5,0,4117
20160403,11.7,8.9,15.2,9.5,4117
20160404,11.2,7.6,15.6,1.8,4231
20160405,12,5.1,19.6,0,4228
20160406,12.8,5.7,21,12.2,4191
20160407,12.7,9.2,18,21.9,4303
20160408,13.9,8,21.7,0,4451
20160409,14.9,8.2,22.2,0,4451
20160410,13.6,8.2,21.3,0.4,4451
20160411,10.9,6.8,16.1,0.2,4462
20160412,12.5,6.2,19,0.6,4462
20160413,14.2,10.9,18.2,13.1,4462
20160414,14.7,9.6,21.3,0,4554
20160415,13.7,6.5,21.2,0,4505
20160416,14.6,7.9,20.7,29.2,4505
20160417,13.1,10.1,17.2,9.5,4505
20160418,13,8.3,18.9,1.2,4705
20160419,12.5,7.4,19,0,4875
20160420,13.9,7.3,20.3,0.7,4751
20160421,13.8,10.9,17.3,28.8,4733
20160422,17.1,11.2,24.6,0,4675
20160423,15.2,10.9,20.7,0,4675
20160424,14.3,7.2,22.1,0,4675
20160425,15.9,7.3,24.9,0,4612
20160426,17,8.7,25.4,1.4,4593
20160427,12.4,10.8,15.5,25,4504
20160428,13.6,9.6,19.2,2.4,4458
20160429,14.4,8.4,20.9,0.1,4426
20160430,16.5,8.8,23.8,0,4426
20160501,18.1,10.4,26.1,0,4426
20160502,18.9,11.8,25.9,7.8,4024
20160503,15.3,11.7,19.8,26.8,3999
20160504,17,11.7,22.3,0.2,3974
20160505,18.2,9.3,26,0.8,3974
20160506,17.9,13.9,22.5,1.7,3974
20160507,17.1,11.3,23.6,0,3974
20160508,17.4,9.3,24.8,0,3974
20160509,18.1,13.6,23.4,0.2,4009
20160510,13.9,12.2,17.2,20.1,3987
20160511,15.7,11.4,21.7,0.9,3994
20160512,18,11,25.1,0,3994
20160513,16.6,11.9,22.5,0.1,3987
20160514,17.3,10.5,23.9,0,3987
20160515,18.1,11.7,24.3,12.6,3987
20160516,15.4,9.9,21.7,5.9,3988
20160517,17.8,8.6,26.6,0,3999
20160518,20.3,11.4,29.3,0,3999
20160519,20.3,12.4,28.8,0,3810
20160520,19.9,11.9,28,0,3800
20160521,20.1,12.3,27.9,0,3800
20160522,20.2,12.4,28.1,0,3800
20160523,20.6,12.5,27.8,0,3793
20160524,18,15,21.3,20.3,3793
20160525,19.4,13.7,25.8,0,3793
20160526,20.4,15.1,25.9,0.1,3891
20160527,21.5,16.8,27.5,0.1,3854
20160528,20.9,16.3,27.1,0.4,3854
20160529,20.2,15.7,26.5,0.6,3854
20160530,21.3,14.4,28.4,0,3788
20160531,21.7,15.5,28.1,0,3701
20160601,20.9,15.8,26.5,0,3588
20160602,20.2,13.1,27,0,3499
20160603,21.6,14.3,28.3,0,3401
20160604,19.4,16.3,22.9,3.9,3401
20160605,21,15,27.3,0,3401
20160606,19.5,16.8,22.6,0.7,3401
20160607,21.2,17.9,25.9,0.3,3397
20160608,21,18.1,25,1.7,3353
20160609,22.2,17.4,28.3,0,3072
20160610,22.8,17.7,28.8,0,3023
20160611,23.6,19.3,28.6,2.1,3023
20160612,23.1,20.4,26.5,2.6,3023
20160613,22.5,19.2,27.7,0.1,2931
20160614,22.1,18.4,27.4,0.5,2860
20160615,21.5,18.7,24.9,4.8,2874
20160616,22.1,19.1,25.9,1.7,2792
20160617,23.2,17.5,29.5,0,2713
20160618,23.7,17.9,29.8,0.8,2713
20160619,23.8,19.8,29.2,1.4,2713
20160620,23.2,18.5,28.4,5.7,2724
20160621,23.6,20.1,28.1,0.3,2751
20160622,22.8,20.6,26.4,7,2762
20160623,24.2,19.9,29.4,0.1,2754
20160624,21.9,19.9,25.2,30.3,2799
20160625,22.7,18.8,27.3,0,2799
20160626,23.2,17.5,29.3,0,2799
20160627,22.1,17.6,27,1,2833
20160628,22.4,17.8,27.4,0.5,2825
20160629,22.8,19.2,26.7,0.9,2825
20160630,24.4,20.8,29.2,1,2777
20160701,24.2,22,27.6,55.2,2752
20160702,23.6,21.5,27,24.6,2752
20160703,22.4,20,25.3,22.3,2752
20160704,22.2,20.2,24.7,53.2,2832
20160705,24.8,21.5,28.6,39.5,2860
20160706,23.6,21.2,27.4,27.8,2899
20160707,24.2,20.9,29,1.2,2933
20160708,25.4,20.8,31.2,1,2950
20160709,26.1,21.2,32.1,0,2950
20160710,26,21.7,31.1,0,2950
20160711,25.6,22.2,30.3,2.9,3032
20160712,24.6,22.4,28,8.2,3068
20160713,25.6,22.1,29.9,0.1,3115
20160714,25,21.4,30,2.3,3191
20160715,24.5,20.7,28.7,0.8,3214
20160716,21.7,20.4,23.8,27.9,3214
20160717,23.3,20.7,27,0.9,3214
20160718,23.7,19.7,28.7,0,3299
20160719,25,20.4,30,0.1,3351
20160720,25.3,21.6,29.8,0,3416
20160721,25.1,21.5,29.7,0,3354
20160722,25.8,21.7,30.7,0,3341
20160723,26.4,22.2,31.2,1.7,3341
20160724,27.3,23.6,32,4.8,3341
20160725,27.3,24.5,31.6,5.8,3322
20160726,28,24,32.8,0,3344
20160727,28,24.5,32,0.9,3362
20160728,28.3,24.8,32.7,0.8,3383
20160729,27.8,24,32.1,9.7,3388
20160730,28.4,25,33.3,6.7,3388
20160731,28,24.4,33.5,4.1,3388
20160801,27.4,23.7,32.8,2.4,3487
20160802,26.4,23.6,30.9,3,3569
20160803,26.7,23.1,31.8,1.6,3689
20160804,27.7,23.4,33,0.2,3760
20160805,28,23.3,33.6,0.2,3822
20160806,28.3,23.4,34,0.6,3822
20160807,28.5,24.1,34.2,1.5,3822
20160808,28.2,24,34.5,4.9,3957
20160809,27.7,23.9,32.6,0.6,4064
20160810,28.4,23.9,34,0,4043
20160811,29.3,24.1,35.4,0,4061
20160812,29.5,24.4,35.6,0,4090
20160813,29.5,24.6,35.3,0,4090
20160814,29.1,25,34.4,1,4090
20160815,28.5,25,33.8,2.6,4090
20160816,27.9,24.2,33.2,4,4120
20160817,27.7,23.2,33.3,0.7,4291
20160818,28,23.7,33.6,0.4,4520
20160819,28.2,23.8,33.6,0.4,4746
20160820,28.3,24.1,34,0.1,4746
20160821,27.9,23.2,33.8,0.2,4746
20160822,28,23,34,1.2,5334
20160823,27.3,23.6,32.2,1.8,5472
20160824,27.3,22.9,33.2,0,5958
20160825,27.2,21.3,33.7,2.1,6258
20160826,21.9,18.3,27.2,11.3,6384
20160827,22,17.1,27.1,0.6,6384
20160828,19.6,17.3,23.3,22.8,6384
20160829,20.5,16.3,25.4,3,6708
20160830,20.7,16.9,24.7,1,7175
20160831,21.8,18.5,25.3,7.8,7641
20160901,24.6,19.6,30.2,2,7754
20160902,21.4,19.4,24.8,28.9,7872
20160903,22.9,19.7,27.1,20.5,7872
20160904,24.6,21.1,29.4,2.1,7872
20160905,24.6,21.7,29.1,1.3,7892
20160906,23.6,20.2,27.8,0,8035
20160907,23.1,19.9,27.9,1.3,8186
20160908,22.7,18.6,28.2,3.2,8081
20160909,22.8,18.9,28.5,1.4,8128
20160910,22.4,18.7,27.6,5.1,8128
20160911,22.8,19.3,27.3,1.2,8128
20160912,21.7,19.1,25.9,7.8,7545
20160913,22.4,17.7,28.2,0,7845
20160914,22.6,18.7,27.7,0,7845
20160915,22.6,18.2,28.2,0,7845
20160916,22.1,19.6,25.3,5,7845
20160917,20.5,18.8,22.8,85.6,7845
20160918,20.3,18.3,22.8,6.5,7845
20160919,20.2,17.1,24.1,0.2,8443
20160920,18.8,13.9,24.4,0,8088
20160921,18.4,12.7,24.1,0,7940
20160922,19.4,15.8,24.6,0,7694
20160923,19.7,14.4,26.1,0,7643
20160924,20.4,15.4,27.1,0,7643
20160925,20.7,16.1,26.6,0,7643
20160926,21.7,17.9,26.5,2.2,7532
20160927,22.7,20.1,26.7,5.4,7846
20160928,21.3,18.8,24.7,7.6,7805
20160929,19.1,17,21.7,1.3,7788
20160930,17.8,15.9,19.9,13,7719
20161001,19.1,16.3,22.3,2.4,7719
20161002,20.8,17.8,24.4,6.1,7719
20161003,22.6,18.9,26.9,9.6,7719
20161004,21.4,16.8,27.2,0.6,7304
20161005,19.5,16.7,24.2,51.1,6912
20161006,18.6,14.4,24.3,0,6759
20161007,18.4,14.8,22.8,9.3,6657
20161008,17.4,14,21.5,23.6,6657
20161009,12.8,8.8,17.8,0,6657
20161010,13.3,8.4,19.1,0,6470
20161011,14.5,10.2,20.6,0,6047
20161012,15.1,10.8,21.2,0,5738
20161013,14.5,10.6,20.2,0,5340
20161014,15.2,9.2,23.1,0,5107
20161015,16.7,10.6,24.3,0,5107
20161016,16,13.9,18.5,18.5,5107
20161017,17.7,14,23.2,0.3,4753
20161018,16.3,12,22.4,0,4685
20161019,16.8,12.6,23.3,0,4481
20161020,16.8,11.7,22.7,0.1,4241
20161021,16.6,14.9,18.8,0.4,4179
20161022,16.8,13.6,21,0.4,4179
20161023,14.4,11.4,17.6,2.3,4179
20161024,14.2,9.5,19.4,0,4011
20161025,14.6,11.3,19.1,13.7,3911
20161026,13.8,10,18.3,0,3792
20161027,14.5,9.1,19.2,0,3723
20161028,14.1,12.1,16.5,5.6,3592
20161029,10.6,7.1,14,0.7,3592
20161030,8.1,2.9,15.1,0,3592
20161031,8.3,4.4,11.6,0.3,3552
20161101,4.6,0.4,9.7,0,3419
20161102,5.3,-1.2,11.8,0.1,3422
20161103,8.1,2.9,14.7,0.1,3233
20161104,10.2,3.5,17.4,0,3218
20161105,13.2,7.6,19.8,0.2,3218
20161106,12.6,8.9,16.5,1.6,3218
20161107,13.1,9.4,17.8,1.5,3270
20161108,8.2,3.1,12.7,1.7,3255
20161109,4.3,-0.7,10.5,0,3281
20161110,7.3,2.8,12,3.1,3233
20161111,9.3,4.5,15.2,0.9,3263
20161112,10,2.9,18.2,0,3263
20161113,12.6,6.9,18.3,3,3263
20161114,14.3,10.2,18.7,2.3,3435
20161115,9.5,3.4,15.2,0,3567
20161116,6.6,0.3,14.3,0,3561
20161117,8.7,3.3,16.1,0,3440
20161118,10,3.6,15.6,12.8,3630
20161119,13.4,10.6,16.7,1.2,3630
20161120,12.2,7.3,17.6,0,3630
20161121,10.3,6.1,14.2,0.1,3709
20161122,6.3,2.5,10.9,0.9,3790
20161123,3.1,-0.5,7.6,0.1,3762
20161124,0.7,-3,5.5,0,3712
20161125,1.9,-2.8,8.1,0,3725
20161126,1.2,-2.6,4.3,2.4,3725
20161127,4.1,1,8.5,0.1,3725
20161128,3.8,-0.2,8.4,0,3725
20161129,3.1,-2.3,10,0.2,3725
20161130,6.2,1.2,10.7,2.5,3838
20161201,6.5,0.8,10.8,0.1,3927
20161202,3,-2.6,10,0,3927
20161203,4,-2.6,12.1,0,3927
20161204,5.3,1.1,10.2,0,3927
20161205,7.9,2.5,13.8,0.1,3951
20161206,1.8,-2.9,6.7,0,3959
20161207,1.6,-4.2,7.6,0.1,3978
20161208,3.6,-2.5,9.7,1.3,4057
20161209,4.6,-0.5,8.9,1.3,4111
20161210,0.8,-3.9,7.1,0,4111
20161211,0.1,-5.7,7.8,0,4111
20161212,3.9,-2.8,10.1,0.2,4044
20161213,5.4,1.4,9.9,0.3,4077
20161214,1.6,-1,4.7,2.5,4058
20161215,-0.8,-4.2,2.7,0.1,4077
20161216,-1.8,-6.9,2.9,0,4093
20161217,3.4,-2.2,10.1,0,4093
20161218,4.4,-1.1,10.6,0.1,4093
20161219,7.2,3.4,10.5,4.9,4089
20161220,7.3,3.3,13,0,4119
20161221,8.7,3,13.7,24.2,4145
20161222,8.4,4.4,15.3,14.4,4169
20161223,1.7,-0.3,4.6,0.6,4163
20161224,0.5,-2.3,4,0,4163
20161225,2.9,-2.9,9,0.1,4163
20161226,4.6,2.9,6.2,10.3,4206
20161227,1.2,-3.2,4.5,2.1,4226
20161228,-1.4,-6.5,4.8,0,4200
20161229,-1.3,-4.5,2.1,0.2,4224
20161230,-1.4,-7,4.6,0,4219
20161231,1.7,-2.9,7.1,0,4219
20170101,3.2,-1.5,9.6,0,4219
20170102,5.5,0.4,11.3,0,4382
20170103,3.6,-0.9,9.8,0,4355
20170104,3.8,-1.3,10.6,0,4380
20170105,4.3,-0.7,8.5,2,4379
20170106,5.2,0.8,10.5,0.1,4354
20170107,4,-1.4,9.5,0.1,4354
20170108,7.2,3.9,11.9,1.6,4354
20170109,4.4,-0.5,8.1,0.1,4279
20170110,0.4,-2.9,4.7,0,4279
20170111,-1.7,-6.2,2.8,0,4279
20170112,0.7,-3.7,5.6,0.2,4279
20170113,-2.2,-5.9,2.8,0.3,4108
20170114,-5,-7.8,-1.8,0,4108
20170115,-4.8,-10.6,1.6,0,4108
20170116,-3,-8.8,4.4,0,4108
20170117,-1.7,-7.8,5.8,0,4108
20170118,0.5,-4.5,5.9,0,4092
20170119,0.1,-5,6.8,0,4092
20170120,-1.7,-5.4,1.4,3.3,4092
20170121,-2.6,-8.1,2,0.6,4092
20170122,-3.7,-6.9,0.1,0.6,4092
20170123,-5.9,-9.9,-1.1,0.1,4019
20170124,-4.7,-10.1,1.5,0,3987
20170125,-3.7,-9.7,3.3,0,3987
20170126,-0.9,-9.1,6.8,0.1,3987
20170127,1.5,-3.7,6.6,1.2,3987
20170128,0.5,-7.3,8.3,0,3987
20170129,3.3,0.9,5.7,3.9,3987
20170130,-1,-5.5,3.2,1.1,3987
20170131,-2.9,-8.7,3.7,0,4008
20170201,-1.2,-5.4,4.2,0,3980
20170202,-0.9,-7.5,6.1,0,3990
20170203,1.8,-3.8,8.6,0,3990
20170204,4.1,-2.3,9.9,0.8,3990
20170205,4.2,1.8,7.5,1.1,3990
20170206,0.8,-2.6,4.7,0,3990
20170207,0.1,-4.7,6.3,0,4001
20170208,0.8,-3.6,5.3,0,4001
20170209,-2.1,-5,1.2,0.1,4010
20170210,-4.1,-6.8,-0.5,0.6,4010
20170211,-2.8,-7.5,1.8,0.1,4010
20170212,-0.7,-6.1,5.4,0,4010
20170213,1,-5.9,7.3,0.3,4038
20170214,1.5,-3.4,7.6,0,4010
20170215,2.4,-5.3,11,0,4010
20170216,7.1,-2.8,14.5,1.4,4010
20170217,5.6,-1,12,1.7,4010
20170218,0,-4.6,5.1,0,4010
20170219,3.4,-5,10,2,4010
20170220,2.9,-3,9.6,5.4,4010
20170221,0.8,-6.2,7.9,0,4010
20170222,3.6,0.3,5.9,16.1,4010
20170223,1.4,-2,5,0,4010
20170224,0.6,-4.7,6.1,0,4010
20170225,3.1,-2.6,9.2,0,4010
20170226,3.4,-2,10,0,4010
20170227,3.6,-2.5,11.1,0.1,4010
20170228,4.8,-2.5,13,0,4018
20170301,6.2,0.7,12.7,2.1,4018
20170302,3.2,-0.7,6.9,2,4018
20170303,3.9,-3.2,11.7,0,4002
20170304,5.6,-1,13.7,0,4002
20170305,6.2,-0.3,13.8,0.2,4002
20170306,2.9,-1.1,7,0.3,4002
20170307,0.1,-3.2,4.4,0.5,4002
20170308,1.4,-3.8,6.3,0,4002
20170309,5,-1.6,11.3,0,4002
20170310,5.4,-1.3,12.7,0,4002
20170311,6.5,-2.2,15.8,0,4002
20170312,8.5,0.2,16.4,0,4002
20170313,7.9,2.7,13.7,0,4002
20170314,5.5,0.6,11.4,0.6,4089
20170315,4.8,-1.8,12.2,0,4089
20170316,5.6,-1.4,13.1,0,3986
20170317,6.9,-1.2,15.5,0,3986
20170318,8.4,2.3,16.8,0,3986
20170319,9.1,0.7,17.9,0,3986
20170320,8.3,2.1,13.6,2.8,3942
20170321,7.1,2.4,12.5,1.5,3942
20170322,6.9,-0.6,14,0,3942
20170323,8.7,3.8,15.1,0.1,3942
20170324,7.8,2.3,13.3,0,3938
20170325,6.4,4,9.7,6,3938
20170326,6.2,2.8,10.8,1.2,3938
20170327,6,2.4,10.8,1.3,3930
20170328,7.3,0.7,13.6,0.7,3953
20170329,8.5,4,14,1.1,3917
20170330,10.5,2.8,18.4,0,3927
20170331,8.7,6.2,12.1,3.8,3918
20170401,7.5,4.1,12.3,3.4,3918
20170402,8.2,1.7,15.1,0,3918
20170403,11.5,2.9,20.2,0,3918
20170404,13.4,4.1,21.9,0,3918
20170405,13.3,10.2,16.2,17.7,3895
20170406,13.6,10.5,17.1,9.8,3881
20170407,14.2,8.5,21.9,0,3881
20170408,14.9,8.1,23.1,0,3881
20170409,13.4,9.2,18.2,0.6,3881
20170410,13.4,8.3,19.5,0.1,3881
20170411,12.2,8.4,18.2,10.8,3881
20170412,12.3,7.2,17.7,0,3803
20170413,13.1,4.6,20.3,0,3830
20170414,14.7,8.5,20.5,0.9,3790
20170415,17.6,11.3,24.8,0.1,3790
20170416,17.8,10.3,26.6,0,3790
20170417,13.6,10.8,17.2,15.3,3829
20170418,13.3,8.6,20.1,3.1,3714
20170419,13.3,7.4,19.4,0,3701
20170420,12.4,8.9,17.6,0.9,3648
20170421,13,7.1,19.9,0,3681
20170422,13,7,20,0.1,3681
20170423,14,6,21.8,0,3681
20170424,15,6.4,22.5,0,3612
20170425,16.9,11,22.4,0.8,3607
20170426,14.9,10.1,20.1,1.2,3601
20170427,13,6.4,19.3,0,3627
20170428,15.1,6.2,23.3,0,3649
20170429,17.1,8.2,25,0,3649
20170430,19.8,11.9,27.7,0,3649
20170501,17.8,11.3,25.4,0,3649
20170502,16.9,9.4,24.7,0,2987
20170503,18.3,9.5,27.2,0,2987
20170504,19.1,11.3,26.4,0.3,2809
20170505,19.8,15.6,25.1,3.7,2809
20170506,16.7,11.1,22.6,0,2809
20170507,17.3,9.2,24.7,0,2809
20170508,18.2,10.3,24.9,0,2807
20170509,14.9,12.9,19.1,11.2,2807
20170510,15.5,12.6,19.7,1.1,2782
20170511,18.9,12.3,25.8,0.3,2171
20170512,18,14.4,21.8,1.7,2163
20170513,17.5,12.3,24.5,2.9,2163
20170514,16.7,11.3,22.7,0,2163
20170515,16,10.2,21.7,0,2127
20170516,16.5,11.1,22.2,0,2096
20170517,17.4,11,24.7,0.7,2133
20170518,19.7,11.5,27.4,0,2060
20170519,21.5,13.5,29.5,0,2005
20170520,21,13.8,28.4,0,2005
20170521,20.7,13.8,27.9,0,2005
20170522,20.2,13.1,27.3,0,1974
20170523,19.6,13.7,25.5,1.4,1974
20170524,19.8,16,25.4,3.6,1974
20170525,19.6,13.2,27.8,0,2087
20170526,16.1,10.9,21.7,0,2096
20170527,17.5,9.8,25.1,0,2096
20170528,20.6,11.8,28.3,0,2096
20170529,23.4,16.6,30.6,0,2093
20170530,23.1,16.2,30.4,0,2086
20170531,21.6,16.5,27.9,2.5,2105
20170601,21,16.2,27.3,2.6,2004
20170602,19,12.3,25.6,0.1,1995
20170603,19.3,14.2,25.3,0.2,1995
20170604,19.5,11.5,27,0.2,1995
20170605,20.3,13,27.6,0,2010
20170606,17.8,14.5,21.7,10.7,2010
20170607,18.4,15.9,21.2,5.5,2050
20170608,20.5,15.9,26.4,0,2181
20170609,22,15.5,28.6,0.4,2272
20170610,21.2,16.6,26.6,0.4,2272
20170611,20.4,14.2,27.1,0.9,2272
20170612,19.5,14.7,24.8,0,2289
20170613,19.2,14.7,25.4,2.1,2283
20170614,20.7,14.4,27.2,0,2275
20170615,22.6,16,29.8,0,2255
20170616,22.2,16.4,28.7,0,2247
20170617,22.4,16.3,29.3,0,2247
20170618,23.4,16.3,31.2,0,2247
20170619,24.2,17.1,31.7,0,2251
20170620,23.2,18.1,28.7,2.1,2247
20170621,23.4,18.7,29.1,0.3,2252
20170622,23.9,18.2,30.3,0,2267
20170623,24.7,18.6,31.5,0,2259
20170624,23.2,19.3,29,2.5,2259
20170625,22.7,19.1,28.2,10.4,2259
20170626,22.2,19.6,26.8,12.4,2285
20170627,23.1,19.7,28.1,3,2284
20170628,24.2,19.8,29.9,1.5,2256
20170629,23.9,20.4,28.6,5.2,2301
20170630,25.3,20.8,30.4,0.3,2285
20170701,25.3,22.6,29,4,2285
20170702,25.6,23.3,28.8,23.3,2285
20170703,25.6,23.5,29.1,29.4,2356
20170704,25.4,22.9,29.8,20.7,2394
20170705,26,22.5,31.2,1.7,2482
20170706,25.4,22,30.5,15,2594
20170707,26,22.9,29.1,4.4,2570
20170708,25.6,23.4,28.6,24.4,2570
20170709,27,23.4,32,9.6,2570
20170710,26.1,24.1,28.5,26.7,2539
20170711,26.5,23.2,30.7,4.8,2588
20170712,27.2,23.1,32.6,0,2810
20170713,27.1,22.2,33,0,3051
20170714,26.8,22.9,33.2,9.8,3199
20170715,25.5,23.1,28.4,20.7,3199
20170716,26.7,23.7,30.4,25.1,3199
20170717,26.4,23.4,30.6,6.2,3414
20170718,26,23.1,30,3.4,3709
20170719,27.4,23.5,32.8,0,3879
20170720,28.4,23.8,33.6,0,4052
20170721,29.4,25.5,34.1,0.7,4217
20170722,27.8,24.8,32.2,4.6,4217
20170723,26.8,24.4,29.5,13.2,4217
20170724,27.1,24.9,31.2,10,4381
20170725,26.8,23.9,31,10.7,4891
20170726,26,21.7,30.8,0,5055
20170727,25.5,20.4,31.1,0.3,5376
20170728,26,22.2,30.2,11.3,5293
20170729,25.4,23.4,28.5,7.4,5293
20170730,26.1,23,30.6,0.8,5293
20170731,24.8,23.1,27,19.9,5274
20170801,26.6,22.9,31.9,2.2,5481
20170802,27.2,23.8,32,0.4,5409
20170803,27.2,23.1,31.9,0,5438
20170804,28.5,23.5,33.9,0,5401
20170805,29.6,24.7,35.1,0.6,5401
20170806,29.4,25.1,34.8,1.7,5401
20170807,28.5,24.8,33.8,1.6,5478
20170808,27.4,23.5,32.3,0.4,5420
20170809,25.6,23.5,28.4,11.6,5329
20170810,25.6,23.4,29.1,15.7,5273
20170811,25.8,22.3,31.2,8.8,5426
20170812,25.6,21.8,30.3,0.8,5426
20170813,24.1,21.4,26.8,3.1,5426
20170814,22.9,21.4,25.1,42.9,5450
20170815,23.2,21.6,25.2,29.1,5450
20170816,24.6,22,28.3,6.4,5781
20170817,24.5,21.8,28.7,5.3,5924
20170818,25,21.7,29.9,6,6024
20170819,24.9,21.9,29.1,8.1,6024
20170820,24.7,22.7,27.8,24.6,6024
20170821,25.4,23,29.4,26,6535
20170822,26.7,23.4,31.6,8.2,6576
20170823,27.8,24.4,32,10.6,6677
20170824,28,24.7,31.6,14.4,6743
20170825,25.9,21.2,31.3,3,6600
20170826,23.2,17.9,29.6,0,6600
20170827,22.4,16.6,28.6,0,6600
20170828,23.7,18.3,28.8,8.4,6768
20170829,22.3,18.2,26.9,1.1,6800
20170830,19.7,16.6,24,0,6868
20170831,21.1,15.5,27.3,0,6875
20170901,21.3,16,27.6,0,6958
20170902,20.7,15.3,26.5,0,6958
20170903,21.3,15.3,27.8,0,6958
20170904,21.9,17,27.7,0,7125
20170905,20.7,18.1,23.4,1.6,6741
20170906,20.9,18.5,23.9,15.4,6928
20170907,21.4,17.8,26.9,1.2,6775
20170908,22.4,17.7,28.8,0,6770
20170909,22.2,17.4,28.8,0,6770
20170910,22.4,18,27.4,0.2,6770
20170911,20.6,18.2,23.6,46.6,6740
20170912,21.8,17.1,27.8,0,6804
20170913,20.1,14.4,27.2,0,6686
20170914,20.3,13.6,27.2,0,6655
20170915,20.6,16.5,25.3,0,6472
20170916,20.5,16.1,24.8,0.1,6472
20170917,21.1,17,26.1,1.8,6472
20170918,20.7,15.2,27.2,0,6423
20170919,21.9,16.5,27.3,3.5,6316
20170920,19.7,14,24.5,0.4,6288
20170921,18.2,11.8,25.7,0,6281
20170922,19.3,14,26.5,0,6209
20170923,19.9,14.9,26.3,0,6209
20170924,21.1,16,27.6,0,6209
20170925,21.8,16.9,28.5,0,6174
20170926,22.3,16.9,28.3,0,6190
20170927,19.4,17.3,22.6,21,6184
20170928,19.7,15,25.1,0.2,6026
20170929,15.8,10.3,21.8,0,5969
20170930,17.3,9.9,25.9,0,5969
20171001,16.6,12.9,20.3,21.2,5969
20171002,19.9,16.5,24.6,15,5969
20171003,18.1,14.9,23.1,0.6,5969
20171004,17.1,13,22.3,0.1,5969
20171005,16.8,13,21,1.1,5969
20171006,16.5,13.9,19,8.4,5969
20171007,19.4,15.9,24.6,0.1,5969
20171008,20.4,16.3,26.5,0,5969
20171009,20.9,16.4,27.1,0,5969
20171010,20.9,16.8,26.6,1.5,5754
20171011,17.7,14.6,21.8,6.3,5403
20171012,13.1,10.6,15.5,9.3,4986
20171013,13,7.7,19.2,0,4638
20171014,14.1,8.9,20.3,0,4638
20171015,14.7,10,19.4,0.8,4638
20171016,15.5,12.1,20.2,0,4286
20171017,15.1,9.7,21.6,0,3980
20171018,15.6,13,18.7,0.3,3792
20171019,15.3,11.3,20.5,0.5,3398
20171020,15.2,10.1,22.4,0,3243
20171021,15.1,9.4,22.6,0,3243
20171022,15.5,9.4,21.7,0.1,3243
20171023,12.9,8,18.6,0,3140
20171024,11.7,7.3,18.5,0.1,3104
20171025,11.7,6,19.8,0,3094
20171026,12.7,6.9,19.5,0,2974
20171027,14.4,9.6,21.5,0,3061
20171028,15.3,9.2,22.1,0,3061
20171029,12.8,7.6,19.4,1.9,3061
20171030,7.9,2.9,14.1,0,2809
20171031,8.8,1,17.5,0,2754
20171101,12.2,6,18.5,0,2643
20171102,13.4,9,19.3,0.1,2680
20171103,12.1,7.1,18.4,1.3,2587
20171104,8.1,3.6,13.8,1.3,2587
20171105,7.6,1.4,15.7,0,2587
20171106,9.6,2.6,18,0,2640
20171107,13.5,6.4,19.8,0.1,2625
20171108,14.1,7.5,19.6,0,2624
20171109,9.2,2.8,17.6,0,2576
20171110,11.5,4.3,19.4,2,2597
20171111,6.7,1.7,12.1,0,2597
20171112,5.6,-0.6,13.6,0,2597
20171113,8.2,1.2,14.4,0.4,2621
20171114,9.2,4.1,14.4,0,2646
20171115,5.5,1.2,10.3,0,2591
20171116,3.1,-1.6,9.3,0,2414
20171117,5.1,-2,10.4,0.2,2384
20171118,2,-2.1,7.6,0,2384
20171119,0.8,-4.1,5.5,0,2384
20171120,3.1,-1.5,8.3,0,2445
20171121,2.9,-2.7,10.2,0,2461
20171122,5.3,0.1,10.7,0.5,2434
20171123,2.3,-2,6.7,0.6,2599
20171124,1.9,-2.1,6.5,1.3,2622
20171125,4,-3.4,10.4,3.3,2622
20171126,6.3,0.8,12.4,1.3,2622
20171127,3.9,-1.8,11.6,0,2686
20171128,7.3,0.7,14.4,0,2708
20171129,7.5,3.1,12.2,0,2727
20171130,2.1,-1.9,6.6,0,2727
20171201,-0.6,-5.2,4.8,0,2727
20171202,1.3,-4.9,8.1,0,2727
20171203,4.4,-1.7,11,0.5,2727
20171204,2.2,-2.6,6.9,0.2,2677
20171205,-2.3,-6,1.9,0.2,2670
20171206,0.6,-5.2,6.7,0.9,2657
20171207,2.6,-1.9,7.6,0.9,2653
20171208,-1.3,-4.3,2.4,0.2,2688
20171209,0.7,-4.5,6.2,0,2688
20171210,3.5,-1.1,8.9,2.2,2688
20171211,-3,-6.7,1.7,0.2,2637
20171212,-6,-9.7,-1.7,0,2637
20171213,-5.2,-9.6,0.4,0,2637
20171214,-4,-10.5,2.8,0,2635
20171215,-0.8,-7.2,4.7,0,2635
20171216,-1.7,-5.6,2.1,0.2,2635
20171217,-4.4,-9,0.3,0.1,2635
20171218,-0.2,-7.3,5.7,0.3,2743
20171219,-1.3,-5.9,3.4,0.1,2765
20171220,-1.5,-7.8,4.7,0.7,2788
20171221,-0.1,-4.8,5.8,0,2788
20171222,1.7,-4.3,8.5,0,2800
20171223,3.9,-1.1,11,0,2800
20171224,4.3,1.3,8.1,14.2,2800
20171225,0.2,-2.7,3.5,0,2800
20171226,-0.6,-4.9,4.1,0.1,2823
20171227,-3.9,-8,0.7,0,2865
20171228,-1.5,-6.9,3.7,0,2884
20171229,2.9,-2.1,8,0,2901
20171230,2.9,-1.6,7.1,0.6,2901
20171231,2.1,-2,5.8,0.4,2901
20180101,-1.3,-5.1,3.8,0,2901
20180102,-1.8,-4.3,1.8,0,3182
20180103,-4.7,-7.1,-0.4,0,3003
20180104,-4.7,-8.7,-0.7,0,3234
20180105,-3,-5.6,1.6,0,3715
20180106,-2.8,-6.8,2.9,0,3715
20180107,-0.8,-5.7,2.8,0,3715
20180108,1.3,-1.2,4,0.9,3112
20180109,-4.2,-6.1,-1.2,0.5,2668
20180110,-7.5,-10.3,-4.8,0.3,2614
20180111,-11.1,-13.6,-7.4,0,2613
20180112,-10.2,-15.3,-5.4,0,2599
20180113,-4.4,-6.6,-1.2,0.4,2599
20180114,0.6,-4.4,5.4,0,2599
20180115,4.7,1.8,7.7,0.2,2556
20180116,3.5,0.1,6.8,0,2547
20180117,4.5,2.4,8.7,0,2526
20180118,2.1,0.3,4.5,0,2523
20180119,1,-2.5,5.5,0,2531
20180120,2.2,-1,6.9,0,2531
20180121,0.4,-3.7,5.5,0,2531
20180122,0.2,-5.3,4,3.3,2574
20180123,-11.7,-14.6,-5.3,0,2588
20180124,-14.2,-16.3,-10.7,0,2590
20180125,-14,-16.4,-9.5,0,2788
20180126,-14.8,-17.8,-10.7,0,2806
20180127,-9.9,-15.9,-3.5,0,2806
20180128,-6.3,-9.3,-1.2,0,2806
20180129,-8.5,-11.6,-4.7,0,2878
20180130,-5.3,-11.4,-0.8,2.9,2886
20180131,-2.6,-5.2,0,0,2883
20180201,-4,-8.8,1.2,0,2881
20180202,-2.4,-7.6,3.8,0,2892
20180203,-7.3,-10.4,-2.1,0.5,2892
20180204,-9.5,-12.8,-5.2,0,2892
20180205,-9.4,-11.8,-5.1,0,2964
20180206,-10.1,-12.8,-5.8,0,2975
20180207,-8,-13.4,-1.6,0,2971
20180208,-4.4,-9.7,2,0,2968
20180209,0.4,-5.3,6.1,0,2976
20180210,-0.5,-6.9,3.2,0,2976
20180211,-6.1,-9.5,-2.2,0,2976
20180212,-5.8,-9.6,-1.8,0,2978
20180213,-0.8,-7.4,4.3,0,2973
20180214,3.5,-0.7,8.7,0,2964
20180215,-0.7,-3.7,4,0,2964
20180216,-1.1,-5.5,4.9,0,2964
20180217,-3,-7.1,1.4,0,2964
20180218,-0.4,-4.9,5.2,0,2964
20180219,1.8,-1.9,6.8,0,2933
20180220,0.9,-2.4,5.5,0,2926
20180221,-0.9,-4.5,4.4,0,2913
20180222,1.3,-3.9,5.4,0.4,2911
20180223,4.2,-0.3,8.6,3.7,2913
20180224,2.4,-1.1,7.2,0,2913
20180225,1.9,-1.6,7.9,0,2913
20180226,3.1,-3.2,10.4,0,2958
20180227,4.2,0.6,6.9,0,2978
20180228,4.6,1.8,7.8,25,2980
20180301,-0.2,-4.3,3,0.5,2980
20180302,-0.7,-6.7,5.4,0,3096
20180303,7.9,-0.1,16.2,0,3096
20180304,9.8,7.6,11.9,11.5,3096
20180305,5.5,1.3,11.4,3.5,3231
20180306,4.5,-1.1,10.9,0,3247
20180307,6.4,2.2,10.7,0.5,3269
20180308,4.6,2.7,9.7,4,3280
20180309,4.5,1.4,9.6,0,3298
20180310,4.6,0.7,9.7,0,3298
20180311,6.4,2.7,12.2,0,3298
20180312,8,2.2,15.5,0,3336
20180313,12.4,5.2,18.8,0,3342
20180314,17,13.6,22.1,0,3328
20180315,12.4,8.4,16.6,27,3320
20180316,7.1,3.6,12.2,0,3309
20180317,6.6,0.5,14,0,3309
20180318,8.2,5.4,12.5,0.5,3309
20180319,8,6.2,10.4,1,3292
20180320,4.7,1.6,9.1,0,3292
20180321,2.1,1.1,5.3,1,3282
20180322,4.9,0.6,11.6,0,3341
20180323,6.1,1.8,12.5,0,3339
20180324,7.6,4,13.1,0,3339
20180325,9.6,4.6,16.9,0,3339
20180326,11,5.3,18.1,0,3354
20180327,13.3,7.7,20,0,3365
20180328,14,9.4,19,0,3395
20180329,15.4,11.8,21.1,0,3426
20180330,14.8,9.8,21.9,0,3455
20180331,14,9.3,20.1,0,3455
20180401,15.6,11.7,18.5,0,3455
20180402,18.4,14.9,23.7,0,3532
20180403,17.8,14.9,21.2,0.1,3556
20180404,13.4,9.5,18.2,18.5,3553
20180405,7.6,6.7,9.5,10.5,3523
20180406,5.8,3,8.6,6.5,3518
20180407,4.2,1.4,8.6,0.2,3518
20180408,3.9,0.6,7.9,3,3518
20180409,7.9,0.1,15.4,0,3511
20180410,15.1,6.9,21.9,5,3513
20180411,12.6,8.7,17.3,0,3501
20180412,13.3,6.8,19.6,0,3487
20180413,14.6,8.3,19.3,0,3484
20180414,9,7.5,14.8,9,3484
20180415,9.5,5.6,14.2,0,3484
20180416,11.6,4.9,18.8,0,3507
20180417,12.9,6.8,20.1,0,3505
20180418,12.4,6.2,19.3,0,3504
20180419,14,7.4,20.5,0,3410
20180420,18.4,11,26.3,0,3410
20180421,18.7,12.3,25.6,0,3410
20180422,15.5,10.7,21,15.5,3410
20180423,9.3,8.4,10.7,59,3272
20180424,12.1,8.9,16.1,3,3274
20180425,14.6,5.7,23.3,0,3269
20180426,14.9,10,22.1,0,3273
20180427,15.7,9.7,23.3,0,3226
20180428,15.4,10.5,21.7,0,3226
20180429,16.2,9.4,22.9,0,3226
20180430,19.2,14.1,25,0,3279
20180501,20.4,17.8,23.3,0,3279
20180502,15.1,8.7,19.7,12,3441
20180503,11.2,6.9,14.7,1,3427
20180504,14.1,8.8,20,0,3270
20180505,18.3,11.6,24.6,0,3270
20180506,16.6,15,20.7,22,3270
20180507,19.2,14,25.5,0,3270
20180508,17.5,11.6,22.9,0,2943
20180509,15.7,9.2,21.8,0,2940
20180510,15.4,11.3,21.4,0,2936
20180511,16.1,11.9,21.3,0,2937
20180512,14.2,11.8,16.1,32,2937
20180513,15.8,12.7,20,0.5,2937
20180514,18.2,11.9,24.5,0,2949
20180515,23.2,15.4,29.3,0,2948
20180516,22.3,21.8,24.4,45,2881
20180517,20.9,18.8,23.5,83,2851
20180518,16.3,12.2,19.3,6.5,2862
20180519,17.6,10.3,24.7,0,2862
20180520,17,11.5,22.6,0,2862
20180521,17.8,11.3,23.7,0,3006
20180522,18.1,15.4,23.2,12.5,3006
20180523,17.3,13.6,23.3,6.5,3036
20180524,18.3,11.2,23.7,0,2997
20180525,19.7,13.8,26.2,0,3002
20180526,21.8,14,29.6,0,3002
20180527,20.3,17.3,24.7,0,3002
20180528,22.3,16.2,29.1,0,2733
20180529,21.4,19.1,25.9,1,2770
20180530,20.2,15.8,24.7,0,2725
20180531,20.9,14.2,27.6,0,2688
20180601,23.8,17.5,30.2,0,2648
20180602,23.4,17.6,30.1,0,2648
20180603,24,16.9,30.8,0,2648
20180604,22.6,18.9,27.5,0,2567
20180605,23.7,17.7,29.2,0,2598
20180606,23,18.4,27.9,0,2598
20180607,22.2,17.8,29.4,0,2641
20180608,21.9,18.5,27,0,2639
20180609,23.7,18.9,30.1,0.5,2639
20180610,21.3,18.3,24.9,0.5,2639
20180611,20.2,18,23.9,5,2630
20180612,21.3,16.6,27.1,0,2639
20180613,22,18.3,27,0,2639
20180614,21.6,18.8,25.1,29,2640
20180615,21.7,17.2,27,16.5,2630
20180616,22.5,16.3,28.7,0,2630
20180617,22.8,18.9,27.5,0,2630
20180618,24.8,19.9,30.8,0,2609
20180619,22.4,19.1,27.2,0,2609
20180620,22.7,19.1,28.4,0,2604
20180621,23.7,19.4,28.7,0,2597
20180622,25,18.2,32,0,2595
20180623,24.5,20.9,28.9,0,2595
20180624,25.2,20.1,32.1,0,2595
20180625,27.1,21.3,32.9,0,2601
20180626,22.3,20.2,26.9,71.5,2606
20180627,22.3,19.1,25.5,1,2616
20180628,23.3,20.6,27.3,26.5,2629
20180629,24.7,21.9,29.1,6.5,2627
20180630,24.4,21.6,27.9,14.5,2627
20180701,21.9,21,22.8,83.5,2627
20180702,22.6,20.6,25.3,59.5,2587
20180703,27.4,22.5,32.6,0.1,2553
20180704,27.3,24,31.8,0,2546
20180705,25.3,23.4,29,0.5,2554
20180706,23.9,21.5,27.1,0,2560
20180707,23.7,19.5,29.2,0,2560
20180708,23.3,17.7,28.1,0,2560
20180709,20.8,20.1,24.2,14,2612
20180710,23.7,20.4,26.5,16.5,2637
20180711,26.8,24.4,29.5,3,2675
20180712,26.6,25.1,28.2,1,2721
20180713,27.3,24.7,30.9,0,2742
20180714,27.9,24.6,31.9,0,2742
20180715,28.3,24.5,33.2,0,2742
20180716,28.7,24,34,0,2816
20180717,28.1,23.9,32.1,0,2832
20180718,28.2,23.7,33.2,0,2871
20180719,28.7,23.2,34.1,0,2943
20180720,29.5,24.6,34.7,0,2943
20180721,30.6,24.9,36.9,0,2943
20180722,31.8,25.3,38,0,2943
20180723,31.7,29.2,35.7,0,3140
20180724,31.4,27.2,36.8,0,3178
20180725,30.1,27.7,34.1,0,3374
20180726,30.1,27.3,33.7,0,3614
20180727,30.9,27.2,35.4,0,3669
20180728,29.5,28,35.2,7.5,3669
20180729,31.3,26.4,36.7,0,3669
20180730,31.7,26.2,36.9,0,3649
20180731,32.6,27.8,38.3,0,3549
20180801,33.6,27.8,39.6,0,3388
20180802,33.7,30.3,37.9,0,3241
20180803,33.1,30,37.9,0,3055
20180804,31.1,28,34.9,0,3055
20180805,30,27.2,33.9,2,3055
20180806,30.5,28.3,35.3,6.5,3358
20180807,30.5,26.8,35.9,0,3522
20180808,31,27.6,35.3,0,3663
20180809,28.8,27.1,32.5,2,3839
20180810,30.7,25.7,36.8,0,3956
20180811,31,26.4,36,0,3956
20180812,30.6,27.2,35.3,5,3956
20180813,30.5,26.7,34.4,1,3492
20180814,31.7,27.7,37.2,0,3472
20180815,31.7,28.3,38,1,3472
20180816,29.9,24.1,35.6,0,3545
20180817,27.2,21.7,33.8,0,3587
20180818,26.7,21.5,32.1,0,3587
20180819,28.2,23,34.4,0,3587
20180820,29.1,25.1,33.3,0,3990
20180821,26.6,23.4,31,5,4063
20180822,30.7,23.4,37.6,0,4288
20180823,29.4,25.7,32.2,3,4387
20180824,24.4,23.2,26.3,7.5,4435
20180825,25.2,22.7,29.3,0,4435
20180826,23.2,20.3,29,2,4435
20180827,22.7,20.2,24.9,19.5,4896
20180828,23.7,22.5,26.1,96.5,4935
20180829,25.2,22.7,27.4,42,5011
20180830,25.3,23.9,28.2,9.5,5097
20180831,25.6,22.8,30.3,0.1,5182
20180901,25.5,20.8,30.9,0,5182
20180902,25.1,20.1,29.6,0,5182
20180903,23.3,21.4,25.8,34.5,5273
20180904,23.2,20,27.8,0,5255
20180905,24,19.6,28.5,0,5219
20180906,24.1,20.9,28.2,1,5165
20180907,22,19.1,25.5,0.5,5091
20180908,21.7,15.9,27.7,0,5091
20180909,22.2,15.6,28.9,0,5091
20180910,22.9,18.6,28.4,0,4990
20180911,21.6,16.8,26.1,0,4984
20180912,22.8,16.8,28.2,0,4964
20180913,23.5,20.3,28.3,0,4960
20180914,23.5,20.3,26.8,0.5,4941
20180915,23.3,21,26,0.2,4941
20180916,22.2,21,23.9,2,4941
20180917,22.3,18.5,27.7,0.1,4879
20180918,22,17.7,26.5,0,4833
20180919,22.1,18.9,26.6,0.2,4788
20180920,19,17.8,20.1,5,4760
20180921,19.4,17.6,21.9,18,4751
20180922,20.8,17.2,25.5,6.5,4751
20180923,19.4,15.6,25.3,0,4751
20180924,17.6,14.2,22.1,0,4751
20180925,17.8,10.8,24.3,0,4751
20180926,19.4,16.2,24.8,0,4751
20180927,18.9,13.2,25,0,4668
20180928,17.5,14.3,22.2,0,4618
20180929,20.2,14.6,27,0,4618
20180930,17.6,14,21.6,0,4618
20181001,15.4,13,19.7,0,4473
20181002,15.9,10.3,22,0,4440
20181003,17.3,11.2,24.2,0,4440
20181004,19.3,13,25.6,0,4395
20181005,16.9,15.7,19,36.5,4359
20181006,18,16.3,21.7,55.5,4359
20181007,16.4,12.3,21.1,0,4359
20181008,14.8,9.2,20.9,0,4164
20181009,15.3,10.7,19.8,0,4164
20181010,12,7.9,16.7,7,4023
20181011,9.7,6.1,13.9,0,3677
20181012,10.9,5.2,17.4,0,3402
20181013,12.5,6.1,19.8,0,3402
20181014,13.2,6.8,20.3,0,3402
20181015,15.2,10.9,21,0,3169
20181016,14.5,9.9,20.3,0,3101
20181017,12.4,8.4,18.6,0,2922
20181018,12.7,7.5,19,0,2844
20181019,13.1,7.2,20.4,0,2628
20181020,13.4,6.9,21.4,0,2628
20181021,13.4,7.2,21.1,0,2628
20181022,14,8.8,20.6,0,2653
20181023,12.2,9.8,16.9,5,2653
20181024,12.5,7.6,18.7,0,2781
20181025,13.8,7,21.2,0,2826
20181026,12.2,9.9,14.7,11,2823
20181027,8.7,6.2,11.6,0,2823
20181028,8.3,5.2,13.5,5.5,2823
20181029,7.2,3.4,11.7,0,2791
20181030,6.1,0.7,11.6,0,2811
20181031,7.4,3,12.6,0,2650
20181101,8.4,2.5,15.2,0,2364
20181102,10.6,4,19,0,2349
20181103,11.2,5,19.1,0,2349
20181104,11.6,5.3,19.4,0,2349
20181105,11.9,6.6,18.3,0,2509
20181106,12.2,8,17.5,0,2464
20181107,12.8,10.3,15.7,2,2260
20181108,11.8,10.5,14.7,64,2213
20181109,12.1,9.5,15.4,1,2137
20181110,11.9,8.8,17.1,0,2137
20181111,8.1,5.4,10.9,0,2137
20181112,8.1,3.1,15.1,0,2205
20181113,8.8,4.1,15.4,0,2133
20181114,9.8,4.8,16.6,0,2137
20181115,9.7,4.7,16.2,0,1945
20181116,8.8,4.2,14.5,0,1956
20181117,4.9,0.6,11.4,0,1956
20181118,6.1,1.9,10.7,0,1956
20181119,6.5,3.3,11.3,0,1911
20181120,6.5,0,12.7,0.2,1948
20181121,5.8,3.1,8.2,1,1990
20181122,2.3,-1.3,7.1,0,1976
20181123,1.9,-3.1,7.6,0,2014
20181124,2.6,0.3,3.8,10.9,2014
20181125,4.8,1.3,9.8,0,2014
20181126,6.3,1.6,13.6,0,2224
20181127,7.1,3.1,12.5,0,2321
20181128,5,2.1,11.1,0,2225
20181129,3.5,0.6,6.7,0,2230
20181130,2.7,-1.5,8,0,2243
20181201,5.5,0.8,12.4,0,2243
20181202,8.2,2.8,11.8,0,2243
20181203,11.5,9.3,13.5,9.5,2425
20181204,6.7,-0.3,11.8,5,2412
20181205,0,-4.3,3.4,0,2400
20181206,2.4,-1,6.8,0,2320
20181207,-7.3,-9.6,-1.1,0,2320
20181208,-8.3,-11.4,-4.4,0,2320
20181209,-7.2,-11.8,-2.1,0,2320
20181210,-2.5,-8.1,4.6,0,2242
20181211,0.2,-2.4,2.9,0,2233
20181212,-1.9,-5,2.4,0,2276
20181213,-2.2,-5.9,2.1,1.3,2266
20181214,-4.4,-7.8,0.6,0,2264
20181215,-2.4,-7.8,3.2,0,2264
20181216,0,-2.6,2.1,0.3,2264
20181217,1.6,-1.5,5.9,0.3,2383
20181218,2.6,-2.8,7.4,0,2402
20181219,4,1.3,9.5,0,2371
20181220,3.4,-1.1,10.4,0,2383
20181221,5.6,0.4,9.8,0,2320
20181222,6.9,2.9,12.4,0,2320
20181223,2.4,-3.4,7.5,0,2320
20181224,-2.3,-5.9,3.1,0,2608
20181225,0.6,-4,5.2,0,2608
20181226,-1.5,-7.1,3,0,2604
20181227,-10.1,-12.5,-6.5,0,2776
20181228,-10.5,-14.4,-6.6,0,2793
20181229,-7.6,-10.5,-3,0,2793
20181230,-6.8,-11.3,-0.9,0,2793
20181231,-5.4,-10.5,-0.5,0,3186
20190101,-5,-8.2,-0.6,0,3186
20190102,-4.9,-8.8,0.2,0,3190
20190103,-3.5,-8.4,3.2,0,3189
20190104,-1.1,-6.2,4.1,0,3131
20190105,-2.8,-5.5,1.1,0,3131
20190106,-2.8,-6.3,2.7,0,3131
20190107,-1.9,-6.2,3.1,0,3034
20190108,-3.5,-7.2,0.5,0,2915
20190109,-4.7,-9.4,1.3,0,2519
20190110,-0.6,-4.5,3,0,2441
20190111,2.4,-0.4,7.2,0,2426
20190112,2.8,-0.6,8,0,2426
20190113,1.2,-3,7.6,0,2426
20190114,1.4,-2.4,5.3,0,2405
20190115,-1.7,-7.2,2.6,0,2402
20190116,-5.2,-10.1,-1.1,0,2400
20190117,-0.3,-3.2,4,0,2399
20190118,0.6,-4.6,6.7,0,2396
20190119,3.6,0,8.5,0,2396
20190120,-1.4,-5.5,4,0,2396
20190121,-1.2,-6.7,4.2,0,2417
20190122,1.7,-3.3,7.1,0,2434
20190123,2,-0.8,7,0,2448
20190124,0.1,-4.6,6.5,0,2449
20190125,-1.2,-3.8,2.6,0,2611
20190126,-2.5,-6.5,2.4,0,2611
20190127,-0.1,-6.6,5.1,0,2611
20190128,1.2,-2.4,4.5,0,2717
20190129,-0.2,-5.6,7,0,2748
20190130,1.8,-2.8,6.6,0,2778
20190131,-2,-6.2,2.3,0,2798
20190201,-2.1,-7.4,2.8,0.3,2839
20190202,1.4,-3.2,6.1,0,2839
20190203,3.3,2,4.9,16,2839
20190204,-0.6,-3.3,3,0,2839
20190205,2.8,-3.6,10.1,0,2839
20190206,5.1,0.1,9.3,0,2839
20190207,-2.1,-8.2,6.3,0.5,3010
20190208,-6.1,-10.2,-1.3,0,3010
20190209,-5.4,-8.6,-1.9,0,3010
20190210,-5,-9.1,-1.9,0,3010
20190211,-3,-7.5,2,0,3013
20190212,-0.6,-4.1,3.7,0,3028
20190213,-2.1,-5.7,2.5,0,3027
20190214,-0.5,-5.9,6.3,0,3013
20190215,-0.8,-2.9,0.9,2.2,3009
20190216,-2.7,-5.1,1.5,0.2,3009
20190217,-1.8,-6.8,4.6,0,3009
20190218,0.9,-4.7,5.9,0,3004
20190219,1.4,0.2,3,4.6,2997
20190220,1.7,-0.1,4.5,0,2987
20190221,2.4,-2.6,9,0,2967
20190222,4,-1.6,10.8,0,2951
20190223,6.8,0.5,14.5,0,2951
20190224,6.3,1.2,13.7,0,2951
20190225,4.7,1.3,10.2,0,2945
20190226,5.2,-1.5,12,0,3002
20190227,7.8,4.7,14,0,3026
20190228,6.6,2,12.8,0,3038
20190301,6.6,1.2,13,0,3038
20190302,7.8,1.3,14.7,0,3038
20190303,9.4,2.5,16.1,0,3038
20190304,9.9,5,16.3,0,3265
20190305,8.4,5.6,12.9,0,3282
20190306,8.4,5.7,12.4,0,3290
20190307,7,3.1,12.7,0,3305
20190308,6.1,0.6,13.4,0,3311
20190309,7.2,-0.4,14.9,0,3311
20190310,10.1,6.7,15.3,0,3311
20190311,6.6,3.5,10,0,3367
20190312,3.9,-0.3,7.9,0,3362
20190313,3.5,-0.4,8.5,0,3378
20190314,5,-1.7,10,0,3366
20190315,5.5,1.6,11.3,3.5,3345
20190316,4.3,0.2,9.2,0,3345
20190317,6.3,2.6,12.4,0,3345
20190318,7.1,1.4,14.4,0,3335
20190319,10,3.4,16.7,0,3352
20190320,10.3,7.1,14.6,16.5,3362
20190321,7.1,1.9,11.1,3.3,3379
20190322,3.3,-0.7,8.3,0,3472
20190323,3.3,-0.4,8.2,1.7,3472
20190324,4.3,-0.8,9.7,0,3472
20190325,7.3,2.9,11.5,0,3475
20190326,11.4,7.4,17.6,0,3475
20190327,11.6,8.9,16.2,0,3482
20190328,9.4,5.6,14.6,0,3497
20190329,9.2,5.5,15.1,0,3520
20190330,5.2,3.5,8.4,1.8,3520
20190331,4.4,2.6,8.4,0,3520
20190401,5.5,0.3,11.3,0,3579
20190402,6.7,1.3,13,0,3588
20190403,7.6,1.9,13.6,0,3594
20190404,9.2,3,15.7,0,3576
20190405,11.4,7,17.2,0,3546
20190406,9.3,5.9,12.2,0.8,3546
20190407,12.6,5.6,20.3,0,3546
20190408,11.6,7.6,17.2,0,3531
20190409,9.2,4.7,13.9,17.4,3532
20190410,7.1,4.7,10.2,5.6,3534
20190411,9.5,4.3,15.7,0,3522
20190412,11.4,5.5,18.4,0,3509
20190413,11.8,6.2,17.9,0,3509
20190414,9.6,6.9,13.6,1.7,3509
20190415,11.6,3.9,18.1,0,3509
20190416,14.9,6.8,22.6,0,3531
20190417,15.3,9.1,21.8,0,3530
20190418,12.6,10.4,16.2,0,3536
20190419,13.8,9.6,19.7,0,3483
20190420,14.3,9.7,19.1,1.2,3483
20190421,14.8,12.2,20.2,0.3,3483
20190422,19.3,10.7,28.2,0,3298
20190423,20.4,15.3,25.5,0,3425
20190424,19.5,15.8,25.9,4.1,3414
20190425,13.2,9.4,17.2,11.3,3398
20190426,8.4,6.2,9.9,4.9,3387
20190427,11.6,4.1,18.2,0,3387
20190428,12.9,9.9,16.6,0,3387
20190429,13,8.3,17.3,0,3449
20190430,15.5,9,22.5,0,3459
20190501,16.4,11.2,22.2,0,3459
20190502,17.1,10.6,25.3,0,3491
20190503,17.9,10.1,26.1,0,3523
20190504,19.5,12,27.4,0,3523
20190505,19.2,13.6,26.5,0,3523
20190506,14.5,9.8,19.8,0,3523
20190507,15,8.4,21.9,0,3198
20190508,15.6,10.1,21.3,0,3135
20190509,16.6,11.7,22.9,0,3122
20190510,17.8,10.3,26.8,0,3112
20190511,20.3,13.2,28.3,0,3112
20190512,21.6,14.7,28.9,0,3112
20190513,18.7,15.5,22.8,0,3072
20190514,19.6,12.9,26.9,0,2961
20190515,20.7,14.8,28,0,2909
20190516,23.5,16.7,30,0,2820
20190517,23.6,17.6,28.3,0,2754
20190518,22.8,19.1,25.9,0,2754
20190519,19.4,17.9,21.6,22,2754
20190520,16.4,13,20.2,8.7,2856
20190521,17.2,11.7,23.8,0,2886
20190522,19.5,12.3,26.5,0,2916
20190523,22.1,15,29.2,0,2919
20190524,24.2,16.2,33.4,0,2889
20190525,23.4,18.4,28.6,0,2889
20190526,24.5,18.6,31.1,0,2889
20190527,17.8,14.3,22.3,7.1,2925
20190528,18.1,11.9,24.6,0,2609
20190529,20.3,13.3,26.5,0,2642
20190530,19.6,14.6,24.5,0,2592
20190531,19.1,16.1,23.3,0,2567
20190601,18.9,14.8,23.7,0,2567
20190602,21.1,14.1,27.8,0,2567
20190603,23.1,16,29.5,0,2543
20190604,22.6,17.6,29,0,2465
20190605,23,17.8,29.6,0,2504
20190606,21.2,18.6,25.1,7.5,2504
20190607,20,17,24.7,35.3,2592
20190608,21.9,16,27.6,0,2592
20190609,21.6,17.1,26.5,2.5,2592
20190610,18.4,15.7,21.9,9.5,2597
20190611,20.5,15.5,26.1,0,2595
20190612,21.5,16.1,26.4,0,2601
20190613,23,16.6,28.8,0,2630
20190614,23,19.1,28.4,0,2567
20190615,21.9,17.9,27.4,2.1,2567
20190616,22,16.1,27.2,0,2567
20190617,21.7,18.1,26.2,0,2538
20190618,20.8,17,24.8,13.8,2532
20190619,21.4,18.9,25.4,0.2,2529
20190620,22.7,19.8,27.8,0,2531
20190621,22.1,19.4,26.1,0.2,2526
20190622,24.2,17.7,30.6,0,2526
20190623,25,19.1,31,0,2526
20190624,25.2,20.9,30.9,0,2542
20190625,25.6,19.5,32.8,0,2559
20190626,25.5,20.7,29.5,0,2580
20190627,25.5,21.9,31.2,1.4,2606
20190628,24.7,22.3,29,0,2637
20190629,23.1,19.6,27.7,1.5,2637
20190630,23.9,20.9,28.5,0,2637
20190701,23.9,20.6,28.9,0,2618
20190702,24.4,20.8,30.1,0,2615
20190703,24.1,21.2,27.4,0,2566
20190704,25.4,20,32.8,0,2563
20190705,27.6,20.2,35,0,2587
20190706,29.7,24.6,36.1,0,2587
20190707,26.7,22.7,32.5,0,2587
20190708,25.1,21.2,31,0,2675
20190709,25,19.7,30,0,2725
20190710,22.7,19.3,27.3,8.5,2763
20190711,21.9,19.5,25.9,2.9,2821
20190712,23.6,20,28.7,0,2872
20190713,24.9,22.1,29.7,0,2872
20190714,25.9,21.2,31.6,0,2872
20190715,23.8,22.1,27.4,7.7,3035
20190716,24.7,21.4,28.8,6.3,3035
20190717,25.6,22.3,29.2,0.7,3041
20190718,26.9,23.3,32.1,0,3331
20190719,28.6,22.8,35,0,3480
20190720,28,25.1,31.9,1.1,3480
20190721,25.1,24.2,27,6.2,3480
20190722,26.7,24.2,31,0.1,3802
20190723,28.1,24.4,32.9,0,3727
20190724,26.5,25.2,27.2,1,3793
20190725,26.3,25.6,27.4,9.7,4072
20190726,25.1,23.7,25.9,60,3967
20190727,28.4,24.9,33.4,0.6,3967
20190728,26.1,25,28.2,25.6,3967
20190729,27.5,25.6,30,0.5,4026
20190730,28.1,26.3,30.8,1.2,4030
20190731,25.8,24,27.5,62.3,3885
20190801,26.3,23.5,30.1,26.9,3854
20190802,28.4,24.7,33.1,0,3734
20190803,29.4,25.6,36,3,3734
20190804,28.3,25,34.4,8.6,3734
20190805,30.5,25.6,35.9,0,4080
20190806,31.6,27.9,36.8,0,4349
20190807,26.9,23.9,30.3,8,4310
20190808,28.9,25.9,32.7,0,4376
20190809,29.8,26,34.6,0,4450
20190810,31.5,26.6,36.5,0,4450
20190811,30.4,26.3,35.7,6.7,4450
20190812,26.6,24.8,28.5,56.2,3954
20190813,29.2,25.1,35.3,6.4,3835
20190814,30.4,25.9,35.7,0,3816
20190815,25.9,23.9,28.6,16.2,3816
20190816,25.9,23,29.5,0.1,3875
20190817,25.9,23.4,28.8,0,3875
20190818,25.6,22.6,30.7,0,3875
20190819,26.3,21.2,31.3,0,4058
20190820,28.2,23.2,32.8,0,4399
20190821,27,24.4,30.4,1.3,4447
20190822,26.9,23,31.4,0,4691
20190823,26.2,22.7,30.5,0,4825
20190824,24.1,21.5,27.3,0,4825
20190825,25,20.2,29.9,0,4825
20190826,26.4,21.5,32.1,0,5353
20190827,25.7,22.2,29.3,20,5383
20190828,26.1,23.6,30.2,0,5394
20190829,23.4,20.1,26.4,36.9,5438
20190830,22.6,19.5,27,0.2,5519
20190831,23.5,18.5,28.9,0,5519
20190901,23.7,19.2,27.8,0,5519
20190902,24.4,19.4,29.7,0,5725
20190903,24.1,22,28,0,5722
20190904,22.8,21.2,25.5,22.7,5742
20190905,23,21.5,27.6,36.4,5661
20190906,25.3,21.6,29.1,2.4,5769
20190907,25.7,22.6,29.5,2.8,5769
20190908,24.7,22.9,27.3,0,5769
20190909,25.1,22.4,28,0,5620
20190910,23.8,22.1,26.5,63.2,5573
20190911,24.3,20.4,28.7,7.6,5533
20190912,21,18.7,22.9,3.9,5533
20190913,23.3,18.3,29.3,0.1,5533
20190914,22.4,20.8,24.1,0.3,5533
20190915,24.2,19.5,30,0,5533
20190916,24.5,20.7,30.5,0,5287
20190917,23.5,18,29,0,5252
20190918,21,16,25.4,0,5196
20190919,19.5,13.6,26,0,5120
20190920,19.6,15.8,24.2,0,5057
20190921,19.6,18.3,22.1,0,5057
20190922,18.6,17.3,19.6,0.4,5057
20190923,20,16.9,24.6,0,4953
20190924,19.8,13.9,26.5,0,5162
20190925,20.9,14.8,27.4,0,5155
20190926,22.9,17.7,29,0,5136
20190927,22.9,19.6,27,0,5095
20190928,23.7,19.4,29.2,0,5095
20190929,22.6,17.9,28.6,0,5095
20190930,22.4,16.4,29.9,0,4903
20191001,23.1,17.6,28.2,0,4832
20191002,21.6,20,24.2,23.1,4733
20191003,22.4,19.8,27.3,4.6,4733
20191004,22.4,18,27.8,0,4643
20191005,18.7,14.7,21.9,0.6,4643
20191006,18.1,13.2,22.7,0,4643
20191007,14.8,13.3,17.9,25.4,4492
20191008,14.7,10.6,19.8,0,4504
20191009,13.6,7.7,20.4,0,4504
20191010,15.2,10.7,19.8,0,4390
20191011,18.8,13,26.1,0,4065
20191012,17.9,13.3,23.3,0,4065
20191013,17.2,12.1,23.8,0,4065
20191014,14.4,9.5,19.6,0,3640
20191015,14.5,8.8,20.4,0,3615
20191016,14.6,9,20.8,0,3542
20191017,15.4,11.2,21.6,0,3406
20191018,17,12,22.7,0,3282
20191019,17,12.1,23.1,0,3282
20191020,16.5,12,22.9,0,3282
20191021,17.1,10.9,24.6,0,2975
20191022,18.1,13.3,24.4,0,3043
20191023,17,14.3,20.7,0,3031
20191024,18.3,15.3,23.8,0,3012
20191025,16.7,13.1,22,0,2994
20191026,10,6.6,14.9,0,2994
20191027,11,4.7,17.4,0,2994
20191028,12.9,7.4,17.7,1.7,2975
20191029,12.5,8.2,17.6,0.1,2956
20191030,11.2,5,17.7,0,2918
20191031,14.8,8.4,19.7,0,2855
20191101,14.9,11.4,20.5,0,2432
20191102,13.6,8.3,18.7,0,2432
20191103,14.7,9.4,22.1,0,2432
20191104,13.8,9.2,20.3,0,2606
20191105,12.4,8.4,18.4,0,2613
20191106,11,6.3,16.5,0,2569
20191107,9.2,5,13.6,0,2474
20191108,6.8,1.1,13,0,2476
20191109,9.5,3.5,17.2,0,2476
20191110,10,6.2,15.3,11.8,2476
20191111,11.2,7.9,15.1,1.1,2754
20191112,9.3,4.8,14.5,0,2760
20191113,7.2,3,11.3,7.5,2694
20191114,1.3,-2.5,5,0,2351
20191115,5.6,1.4,7.6,18.8,2121
20191116,6.8,3.8,12.7,0,2121
20191117,8.3,5.6,10.5,21.1,2121
20191118,4.6,0.4,12.7,14.7,2269
20191119,0.2,-3.5,4,0,2283
20191120,0.5,-4.6,6.3,0,2309
20191121,4.2,-2.3,9,0,2332
20191122,9.7,3,17.3,0,2476
20191123,12.1,7.7,17.7,0,2476
20191124,9.8,4.6,15.6,3.8,2476
20191125,1.9,-1.2,6,0,2363
20191126,6.6,1.2,13.7,0,2465
20191127,3.1,0.3,6.8,0,2548
20191128,3.5,-0.6,10.4,0,2421
20191129,1.5,-3.4,6.9,0,2408
20191130,4.1,-1.4,9.3,0,2408
20191201,4.6,2.3,6.2,3.3,2408
20191202,-0.1,-3.2,2.8,0,2424
20191203,0.5,-5,4.2,0.6,2639
20191204,2,-2,7.2,0,2612
20191205,-4.4,-8.5,-0.2,0,2584
20191206,-5.9,-10.6,-1,0,2584
20191207,-2.4,-5.5,1.2,0.1,2584
20191208,-0.9,-5.5,4.9,0,2584
20191209,3.2,-1.3,8,0,2372
20191210,8.1,6,10.8,1.7,2359
20191211,6.3,0.1,9.8,0.2,2346
20191212,-0.7,-3.5,3.4,0,2338
20191213,2.1,-3.7,5.9,1,2327
20191214,2.7,-0.1,6.4,0,2327
20191215,5.3,0.4,11,0,2327
20191216,7.8,2.1,12.9,0,2302
20191217,7.7,3.2,10.2,9.8,2444
20191218,0.8,-1.7,5.2,0,2448
20191219,-0.8,-4.5,3.1,0,2401
20191220,-1.1,-3.5,2,0,2393
20191221,-1.2,-5.1,1.5,0.6,2393
20191222,4.1,0.3,8.4,0.3,2393
20191223,3.4,0.3,5.2,2.9,2490
20191224,0.8,-2.9,6.5,0,2615
20191225,2,-2.7,6.6,0,2615
20191226,2,-2.4,4.1,0.3,2607
20191227,-1.7,-4.6,2.6,0,2778
20191228,1.1,-3.6,6.1,0,2778
20191229,3.8,1.1,6.2,1.4,2778
20191230,2.7,-5.7,6.8,0.4,2952
20191231,-7.9,-10.9,-4.5,0,3156
20200101,-2.2,-6.5,0.3,0.1,3156
20200102,1,-0.7,3.8,0,3172
20200103,-0.1,-3.4,4.6,0,3189
20200104,1.2,-2.8,6.1,0,3189
20200105,1.3,-3.2,6.6,0,3189
20200106,3.1,0.6,4.6,1.8,2841
20200107,6.3,4.2,7.7,46.3,2857
20200108,2.4,-0.4,8.9,11.6,2857
20200109,-1.2,-3.1,2,0,2503
20200110,-0.6,-4.3,4.2,0,2403
20200111,-0.1,-2.6,3.9,0,2403
20200112,-1,-3.5,2.8,0,2403
20200113,-2.9,-4.7,0.2,0,2367
20200114,-2.3,-5.7,2.6,0,2369
20200115,-2.7,-6.4,2.2,0,2371
20200116,-1.7,-5.5,3.2,0,2372
20200117,-0.6,-4.8,4.9,0,2373
20200118,0.3,-4.1,5.9,0,2373
20200119,1.9,-0.4,5.3,0.6,2373
20200120,0.7,-3.3,5.5,0,2372
20200121,-0.4,-5.6,5.5,0,2382
20200122,3,-0.1,7.8,0,2395
20200123,4.6,0,9.9,0,2409
20200124,2.8,-1.3,7.4,0,2409
20200125,4.3,0.6,8.8,0,2409
20200126,5.5,-0.2,11.9,0,2409
20200127,5.9,4.8,7.5,0.1,2409
20200128,6.8,4.3,9.9,0,2682
20200129,6,3.2,9.6,0,2719
20200130,5.2,1.4,10.4,0,2752
20200131,3.9,1.4,8.9,0,2777
20200201,2.6,-1.2,7.6,0,2777
20200202,1.5,-2.1,5.3,0,2777
20200203,-0.4,-2.9,3,0,2910
20200204,-1.6,-6,3.9,1.7,2932
20200205,-8.3,-11,-4.9,0,2964
20200206,-6.4,-11.8,0.4,0,3005
20200207,-1.7,-7.2,2.2,0,3027
20200208,-0.1,-2.3,3.7,0,3027
20200209,-0.5,-5.6,4.1,0,3027
20200210,4,-0.7,9.6,0,3039
20200211,6.8,-0.5,14.6,0,3044
20200212,7.4,6.5,8.2,6.7,3059
20200213,6.5,4.9,8.7,0,3058
20200214,8.1,3.2,14.7,0,3053
20200215,9.8,6.2,15.6,2,3053
20200216,-1.4,-4.3,7.7,13.4,3053
20200217,-5.9,-7.1,-3.9,1,3052
20200218,-4.1,-8.3,1.3,0,3051
20200219,1,-4.4,6.4,0,3038
20200220,4.6,-0.6,10.8,0,3023
20200221,6.7,2.1,10.9,4.2,3006
20200222,4,0,7.9,3.1,3006
20200223,2.5,-2.5,8,0,3006
20200224,7,0.8,12.2,0,2985
20200225,6.7,4.7,9.4,16.6,2986
20200226,6.4,2.8,10.4,0,3042
20200227,6.1,1.3,12.5,0,3058
20200228,4.5,3.6,5.9,3.9,3060
20200229,7.7,4.5,13,0.5,3060
20200301,5.8,3.2,10.1,0.2,3060
20200302,3.4,0,7.6,0,3177
20200303,4.8,0.3,10.5,0,3236
20200304,2.2,-1.3,4.6,0,3279
20200305,1.4,-2.8,6.3,0,3289
20200306,3.7,-2.5,10.1,0,3286
20200307,7,1.3,14.2,0,3286
20200308,9.3,2.3,16.9,0,3286
20200309,11.1,4.8,17.6,0,3315
20200310,6.4,3.2,10.8,11.8,3342
20200311,3.8,0,8.3,0,3348
20200312,6.8,0.2,13.3,0,3340
20200313,4.9,-0.1,8.7,0.5,3354
20200314,3.6,-2.7,8.6,0,3354
20200315,4,0.2,8.5,0,3354
20200316,3.6,-2.1,9.1,0,3300
20200317,6.6,3.1,12.3,0,3301
20200318,10,2.7,17,0,3295
20200319,9.1,5.8,12.1,0,3314
20200320,8.8,3.1,14,0,3325
20200321,12.8,7.9,19.5,0,3325
20200322,11,6.1,16.5,0,3325
20200323,10.6,5.4,17,0,3425
20200324,11.4,5.3,17.9,0,3426
20200325,12.5,6.1,19.2,0,3434
20200326,14.8,8.1,20.6,1.8,3435
20200327,11.9,6.7,15.8,2,3441
20200328,7.7,4.5,12.8,0,3441
20200329,8.7,1.3,16.1,0,3441
20200330,10.2,4.3,16.9,0,3506
20200331,11.9,4.7,18.6,0,3526
20200401,11.3,6,17.4,0,3528
20200402,9.3,3.4,15.5,0,3537
20200403,10,5.3,16.3,0,3543
20200404,8.9,5,13.3,0,3543
20200405,7.2,1.9,13.7,0,3543
20200406,9.3,2.9,16.1,0,3490
20200407,10.6,6,16.8,0,3482
20200408,9.4,5.2,14.2,0,3483
20200409,8.9,4.3,14.7,0,3483
20200410,10.7,5.8,16.8,0,3485
20200411,9.9,6.2,16,0,3485
20200412,9.9,4.4,15.6,0,3485
20200413,12.4,4.3,20.4,0,3456
20200414,13,7.6,19.6,0,3443
20200415,13.2,7.2,20.2,0,3443
20200416,16,8.9,23.8,0,3482
20200417,12.5,10.4,15.4,6.5,3482
20200418,13.5,8.5,19.6,0,3482
20200419,12.3,9.5,15.5,10.3,3482
20200420,10,7.6,13.1,0.1,3423
20200421,7.4,4.8,10.4,0,3419
20200422,6,4.1,8.3,0,3226
20200423,7.9,2.9,12.8,0,3363
20200424,9.9,4.1,14.3,0,3348
20200425,13.1,9.9,17.1,0,3348
20200426,12.3,6.8,19,0,3348
20200427,12.9,8.7,18.3,0,3169
20200428,13.9,7.8,19.9,0,3392
20200429,14.9,9.3,21,0,3414
20200430,17.1,9.3,23.4,0,3414
20200501,20.2,16.4,26.2,0,3414
20200502,20.3,18,23.9,0,3414
20200503,21.8,17,27.4,0,3414
20200504,20.2,14.8,25.3,0,3718
20200505,16,13.1,19.3,0,3718
20200506,19.4,11.1,27.6,0,3423
20200507,20.7,14.9,26.5,0,3430
20200508,19.9,14.3,27.3,2.3,3363
20200509,14.2,12.7,16.8,24.4,3363
20200510,14.4,12.8,16.6,1.3,3363
20200511,16.5,12.4,22,3.4,3303
20200512,14.3,10.5,18.9,0.7,3292
20200513,16.1,10.2,21.8,0,3074
20200514,19.3,12.4,25.4,0,2967
20200515,16.1,14.1,20.2,12,2901
20200516,16.7,15,20.3,2.5,2901
20200517,19.1,14.6,24.9,0,2901
20200518,19.1,13.2,26.8,29.8,2790
20200519,13,10.1,17.1,19,2958
20200520,14.4,9.2,20.1,0,3008
20200521,17.4,10.9,22.9,0,3050
20200522,18.5,14.8,22.7,0,3088
20200523,20.1,16.6,25,0,3088
20200524,17.1,14.3,20.2,14.5,3088
20200525,16.6,13.7,21.3,0,3294
20200526,16.2,12.7,22.9,1.5,3311
20200527,17.4,11.8,23.9,0,3310
20200528,18.7,14.2,23.4,0,2714
20200529,20.7,14.6,27.6,0,2723
20200530,22.6,16.5,30,0,2723
20200531,21.2,17.6,28,1,2723
20200601,19.7,16.6,24.5,0.4,2686
20200602,17.9,14.8,21.8,2,2665
20200603,22,17.6,28.4,0,2694
20200604,21.9,19.7,26.5,0.2,2679
20200605,23,18.4,28.7,0,2728
20200606,24.6,19.2,30.9,0,2728
20200607,22.7,19.2,29.2,0,2728
20200608,25,19.8,32,0,2688
20200609,26.7,20.3,32.8,0,2690
20200610,25.8,22.5,32.1,6.2,2683
20200611,26.1,21.7,31.6,0,2677
20200612,24.7,21.6,27.6,0,2678
20200613,26.9,20.6,33.5,0,2678
20200614,24,20.1,28.8,1.1,2678
20200615,23,18.2,28.6,0,2769
20200616,24.4,20,30.7,0,2757
20200617,24.3,20.2,30.3,0,2747
20200618,23.4,20.3,27.3,0,2757
20200619,24.7,21.1,30,0.1,2733
20200620,24.9,20.7,29.7,0,2733
20200621,26.1,19.5,32.7,0,2733
20200622,28.6,21.7,35.4,0,2760
20200623,27.3,23.2,31,0,2762
20200624,22.3,19.9,26.3,37.6,2760
20200625,21.6,20.1,23.4,13.3,2760
20200626,21.8,19.2,25.7,2.1,2727
20200627,24.1,20.4,29.6,0,2727
20200628,25.2,21.5,30.1,0,2727
20200629,23.8,20.6,26.5,11.9,2805
20200630,20.1,18.4,23.1,64.7,2787
20200701,21.1,18.1,24.3,0,2771
20200702,24.2,20.4,29.8,0,2764
20200703,25.5,21.6,30.6,0.1,2808
20200704,24.2,20.4,29.5,1.6,2808
20200705,23.8,19.9,27.6,0,2808
20200706,25.6,21.8,30.9,0,2901
20200707,24.1,22.1,28.1,0,2920
20200708,25.5,21.3,30.4,0,2930
20200709,27.5,21.8,32.9,0,2921
20200710,24.5,22.7,27.7,2.2,2957
20200711,25.8,22.2,30.2,0,2957
20200712,23.5,21.7,26,2.9,2957
20200713,18.7,17.7,21.7,47.6,3088
20200714,20.3,17.2,24.3,11.5,3165
20200715,23.4,18.9,28.7,0,3208
20200716,25,20.4,29.7,0,3232
20200717,26,21.5,31.6,0,3250
20200718,26.1,22.8,31,0,3250
20200719,24,20.6,26.6,29.1,3250
20200720,23.8,22.4,26.6,3.6,3884
20200721,25,21.4,30.5,0,4208
20200722,23.7,22.6,25.7,11.5,4093
20200723,21.1,18.5,22.6,103.1,3640
20200724,22.5,18.7,26.8,2.9,3697
20200725,24.3,22.3,29,0,3697
20200726,25.4,21.6,29.6,0,3697
20200727,24.3,22.9,25.5,2.2,3701
20200728,24.4,22.7,26.4,0.4,3697
20200729,23.7,22.6,24.9,50.1,3700
20200730,25.3,23.4,28.4,0.1,3719
20200731,26.2,22.8,29.6,1.5,3431
20200801,25.3,24.3,26.9,39.1,3431
20200802,24.9,23.5,26.4,31.4,3431
20200803,25,23.9,26.3,102.6,3404
20200804,27,25,29.4,3.9,3731
20200805,26.5,25.5,29.1,18.5,3909
20200806,24.1,22.9,26,75.7,3922
20200807,24.3,22.6,26.1,0,4138
20200808,24.2,22.7,26.1,19.1,4138
20200809,24.9,23.7,25.8,50.3,4138
20200810,26.5,24.7,29.5,44.6,4024
20200811,24.6,22.4,27.3,97,3910
20200812,27.2,23.5,31.3,0,3913
20200813,28,26.3,30.3,0,3904
20200814,27.1,26.5,28,0.4,4077
20200815,26.1,25,27,69,4077
20200816,27.4,25.3,30.8,0,4077
20200817,28.2,26.1,32.2,0,4077
20200818,27.5,24,31.9,0,4144
20200819,27.1,23.6,31.4,0,4505
20200820,27.7,25,31.7,0,4554
20200821,26.6,25.2,29.2,2.5,4924
20200822,24.3,21.7,27.6,42.6,4924
20200823,25.3,21.5,29.9,0,4924
20200824,27.8,23.7,32,0,5303
20200825,29.9,26,34.5,0,5328
20200826,30.2,27,34.5,0.6,5365
20200827,27.1,25.6,28.6,8.7,5390
20200828,27.3,26,29.7,13.6,5635
20200829,26.8,25.5,29,13.6,5635
20200830,26.8,24.4,30.6,42.5,5635
20200831,26.4,23.8,30,0,5706
20200901,26.6,23.8,29.5,0,5744
20200902,24.3,22.6,26.4,33.3,5808
20200903,22.7,20,25.6,29.8,5879
20200904,23.3,19.9,27.5,0,5962
20200905,23.3,19.2,27.3,0,5962
20200906,21.7,19.5,24.4,6.4,5962
20200907,19.2,17.5,20.6,61,5933
20200908,23.4,20.6,26.5,0,5904
20200909,21.1,19,25.3,1.3,5872
20200910,22.8,18.8,27,3.9,5824
20200911,22.4,19.2,27.1,1.2,5610
20200912,20.2,18.1,23.2,5.7,5610
20200913,21.5,16.7,26.6,0,5610
20200914,21.3,17.6,24.9,0,5594
20200915,23,18.9,27.7,0,5576
20200916,22.5,21.3,24.9,0.3,5486
20200917,21.3,20.1,23.6,0,5662
20200918,21.5,18.1,25.8,0,5745
20200919,21.2,17.6,26.2,0.3,5745
20200920,19.7,15.6,24.9,0,5745
20200921,19.1,13.6,25.3,0,5724
20200922,20.2,15.5,25.6,0,5755
20200923,19.2,15.2,23.8,0,6113
20200924,20.6,16.8,25.4,0,6143
20200925,20.1,16.6,25.4,0,6173
20200926,19.3,14.8,24.8,0,6173
20200927,20.4,14.9,25.8,0,6173
20200928,20.7,15.7,26.5,0,6092
20200929,19.6,15.3,23.9,0,2700
20200930,19.6,16.2,25.7,38.3,2600
20201001,18.8,15.6,23.6,0,2600
20201002,19.2,16.3,21.9,0,2600
20201003,19.9,18.3,23.2,0,2600
20201004,16.6,10.6,21.8,0,2600
20201005,13.3,8.5,18.4,0,2981
20201006,14.2,9.3,19.7,0,2887
20201007,16,9.9,22,0,2798
20201008,17.2,12.1,23.1,0,2798
20201009,17.2,12.4,23.3,0,2904
20201010,16.9,12.3,21.5,0,2748
20201011,16.9,12.7,20.8,0,4484
20201012,16.2,12.1,21.3,0,4484
